/*
 Navicat Premium Data Transfer

 Source Server         : localhost
 Source Server Type    : MySQL
 Source Server Version : 50726
 Source Host           : localhost:3306
 Source Schema         : vaa

 Target Server Type    : MySQL
 Target Server Version : 50726
 File Encoding         : 65001

 Date: 29/04/2021 10:42:40
*/

SET NAMES utf8mb4;
SET FOREIGN_KEY_CHECKS = 0;

-- ----------------------------
-- Table structure for account_app_purview
-- ----------------------------
DROP TABLE IF EXISTS `account_app_purview`;
CREATE TABLE `account_app_purview`  (
  `id` int(10) UNSIGNED NOT NULL AUTO_INCREMENT,
  `account_id` int(10) NOT NULL DEFAULT 0 COMMENT '管理员id',
  `group_id` int(10) NOT NULL DEFAULT 0 COMMENT '设备组id',
  `device_id` int(10) NOT NULL DEFAULT 0 COMMENT '手机设备id',
  `attention` tinyint(1) NOT NULL DEFAULT 0 COMMENT '是否关注 1关注 0 未关注',
  `add_time` int(10) NOT NULL DEFAULT 0 COMMENT '添加时间',
  `upd_time` int(10) NOT NULL DEFAULT 0 COMMENT '更新时间',
  PRIMARY KEY (`id`) USING BTREE
) ENGINE = InnoDB AUTO_INCREMENT = 31 CHARACTER SET = utf8 COLLATE = utf8_general_ci ROW_FORMAT = Dynamic;

-- ----------------------------
-- Records of account_app_purview
-- ----------------------------
INSERT INTO `account_app_purview` VALUES (22, 10000000, 1, 1, 0, 1619491704, 1619491704);
INSERT INTO `account_app_purview` VALUES (23, 10000000, 1, 2, 0, 1619491704, 1619491704);
INSERT INTO `account_app_purview` VALUES (24, 10000000, 1, 3, 0, 1619491704, 1619491704);
INSERT INTO `account_app_purview` VALUES (25, 10000000, 1, 4, 0, 1619491704, 1619491704);
INSERT INTO `account_app_purview` VALUES (27, 10000000, 1, 6, 0, 1619491704, 1619491704);
INSERT INTO `account_app_purview` VALUES (28, 10000000, 1, 7, 0, 1619491704, 1619491704);
INSERT INTO `account_app_purview` VALUES (30, 10000000, 1, 9, 0, 1619491704, 1619491704);

-- ----------------------------
-- Table structure for account_login
-- ----------------------------
DROP TABLE IF EXISTS `account_login`;
CREATE TABLE `account_login`  (
  `id` int(11) NOT NULL AUTO_INCREMENT,
  `account_id` int(11) NOT NULL COMMENT '管理员id',
  `login_time` int(11) NULL DEFAULT NULL COMMENT '登录时间',
  `last_time` int(11) NULL DEFAULT NULL COMMENT '登录时间',
  `login_session` varchar(250) CHARACTER SET utf8 COLLATE utf8_general_ci NULL DEFAULT NULL COMMENT 'session_id',
  `forget_password` varchar(250) CHARACTER SET utf8 COLLATE utf8_general_ci NULL DEFAULT NULL,
  `forget_time` int(11) NULL DEFAULT NULL,
  PRIMARY KEY (`id`) USING BTREE,
  INDEX `a`(`account_id`) USING BTREE,
  INDEX `b`(`forget_password`) USING BTREE
) ENGINE = InnoDB AUTO_INCREMENT = 3 CHARACTER SET = utf8 COLLATE = utf8_general_ci ROW_FORMAT = Dynamic;

-- ----------------------------
-- Records of account_login
-- ----------------------------
INSERT INTO `account_login` VALUES (1, 10000000, 1619664133, 1619664134, 'fvfktm4c6cmn8eqp5s5fb2b1d5', NULL, NULL);
INSERT INTO `account_login` VALUES (2, 10000001, 1619272065, 1619272445, 'ca9095c64d5902f55a9c50e68aeae6fa', NULL, NULL);

-- ----------------------------
-- Table structure for account_logs
-- ----------------------------
DROP TABLE IF EXISTS `account_logs`;
CREATE TABLE `account_logs`  (
  `id` int(11) NOT NULL AUTO_INCREMENT,
  `account_id` int(11) NOT NULL DEFAULT 0 COMMENT '管理员id',
  `label` tinyint(11) NOT NULL DEFAULT 0 COMMENT '日志标题',
  `content` varchar(250) CHARACTER SET utf8 COLLATE utf8_general_ci NOT NULL DEFAULT ' ' COMMENT '日志内容',
  `ip` varchar(250) CHARACTER SET utf8 COLLATE utf8_general_ci NOT NULL DEFAULT ' ' COMMENT 'ip地址',
  `utime` int(11) NOT NULL DEFAULT 0 COMMENT '记录时间',
  PRIMARY KEY (`id`) USING BTREE,
  INDEX `a`(`account_id`, `utime`) USING BTREE
) ENGINE = MyISAM AUTO_INCREMENT = 512 CHARACTER SET = utf8 COLLATE = utf8_general_ci ROW_FORMAT = Dynamic;

-- ----------------------------
-- Records of account_logs
-- ----------------------------
INSERT INTO `account_logs` VALUES (1, 10000000, 0, '登入系统', '223.72.63.63', 1618994710);
INSERT INTO `account_logs` VALUES (2, 10000000, 0, '首页查看', '223.72.63.63', 1618994711);
INSERT INTO `account_logs` VALUES (3, 10000000, 0, '查看设备状态- 查询条件:设备名称 ,分组id ,关键字 ,设备编码 ,设备时间最小值 ,设备时间最大值 ', '223.72.63.63', 1618994713);
INSERT INTO `account_logs` VALUES (4, 10000000, 0, '查看数据统计-数据总览-设备总览', '223.72.63.63', 1618994714);
INSERT INTO `account_logs` VALUES (5, 10000000, 0, '查询app设备列表，查询条件：设备名称：,设备编码：,设备分组id：,关键字：,注册时间最小值：,注册时间最大值：', '223.72.63.63', 1618994715);
INSERT INTO `account_logs` VALUES (6, 10000000, 0, '查询管理员列表,查询条件：账号：,名称：,状态：0,关键词：,创建时间最小值：,创建最大时间：', '223.72.63.63', 1618994716);
INSERT INTO `account_logs` VALUES (7, 10000000, 0, '首页查看', '223.72.63.63', 1618994721);
INSERT INTO `account_logs` VALUES (8, 10000000, 0, '查看设备状态- 查询条件:设备名称 ,分组id ,关键字 ,设备编码 ,设备时间最小值 ,设备时间最大值 ', '223.72.63.63', 1618994767);
INSERT INTO `account_logs` VALUES (9, 10000000, 0, '首页查看', '223.72.63.63', 1618994769);
INSERT INTO `account_logs` VALUES (10, 10000000, 0, '查看设备状态- 查询条件:设备名称 ,分组id ,关键字 ,设备编码 ,设备时间最小值 ,设备时间最大值 ', '223.72.63.63', 1618997536);
INSERT INTO `account_logs` VALUES (11, 10000000, 0, '查询app设备列表，查询条件：设备名称：,设备编码：,设备分组id：,关键字：,注册时间最小值：,注册时间最大值：', '223.72.63.63', 1618997548);
INSERT INTO `account_logs` VALUES (12, 10000000, 0, '查看设备状态- 查询条件:设备名称 ,分组id ,关键字 ,设备编码 ,设备时间最小值 ,设备时间最大值 ', '223.72.63.63', 1618999785);
INSERT INTO `account_logs` VALUES (13, 10000000, 0, '登入系统', '223.72.62.61', 1619055697);
INSERT INTO `account_logs` VALUES (14, 10000000, 0, '首页查看', '223.72.62.61', 1619055697);
INSERT INTO `account_logs` VALUES (15, 10000000, 0, '查看设备状态- 查询条件:设备名称 ,分组id ,关键字 ,设备编码 ,设备时间最小值 ,设备时间最大值 ', '223.72.62.61', 1619055703);
INSERT INTO `account_logs` VALUES (16, 10000000, 0, '查询app设备列表，查询条件：设备名称：,设备编码：,设备分组id：,关键字：,注册时间最小值：,注册时间最大值：', '223.72.62.61', 1619055708);
INSERT INTO `account_logs` VALUES (17, 10000000, 0, '查询未注册手机设备列表，查询条件：设备名称：,设备编码：,设备分组id：,关键字：,注册时间最小值：,注册时间最大值：', '223.72.62.61', 1619055710);
INSERT INTO `account_logs` VALUES (18, 10000000, 0, '查看设备状态- 查询条件:设备名称 ,分组id ,关键字 ,设备编码 ,设备时间最小值 ,设备时间最大值 ', '223.72.62.61', 1619055721);
INSERT INTO `account_logs` VALUES (19, 10000000, 0, '查询权限列表，查询条件：规则名称：,模块名称：,控制器：,方法：', '223.72.62.61', 1619055727);
INSERT INTO `account_logs` VALUES (20, 10000000, 0, '查询管理员列表,查询条件：账号：,名称：,状态：0,关键词：,创建时间最小值：,创建最大时间：', '223.72.62.61', 1619055729);
INSERT INTO `account_logs` VALUES (21, 10000000, 0, '查询app设备列表，查询条件：设备名称：,设备编码：,设备分组id：,关键字：,注册时间最小值：,注册时间最大值：', '223.72.62.61', 1619055730);
INSERT INTO `account_logs` VALUES (22, 10000000, 0, '查询app设备列表，查询条件：设备名称：,设备编码：,设备分组id：,关键字：,注册时间最小值：,注册时间最大值：', '223.72.62.61', 1619055730);
INSERT INTO `account_logs` VALUES (23, 10000000, 0, '查看设备状态- 查询条件:设备名称 ,分组id ,关键字 ,设备编码 ,设备时间最小值 ,设备时间最大值 ', '223.72.62.61', 1619055732);
INSERT INTO `account_logs` VALUES (24, 10000000, 0, '查看设备状态- 查询条件:设备名称 ,分组id ,关键字 ,设备编码 ,设备时间最小值 ,设备时间最大值 ', '223.72.62.61', 1619055732);
INSERT INTO `account_logs` VALUES (25, 10000000, 0, '查询app设备列表，查询条件：设备名称：,设备编码：,设备分组id：,关键字：,注册时间最小值：,注册时间最大值：', '223.72.62.61', 1619055735);
INSERT INTO `account_logs` VALUES (26, 10000000, 0, '查询关注设备，查询条件：设备名称 ,设备编码：,设备分组id：,关注时间最小值:,关注时间最大值：', '223.72.62.61', 1619055736);
INSERT INTO `account_logs` VALUES (27, 10000000, 0, '查看设备状态- 查询条件:设备名称 ,分组id ,关键字 ,设备编码 ,设备时间最小值 ,设备时间最大值 ', '223.72.62.61', 1619055737);
INSERT INTO `account_logs` VALUES (28, 10000000, 0, '查询app设备列表，查询条件：设备名称：,设备编码：,设备分组id：,关键字：,注册时间最小值：,注册时间最大值：', '223.72.62.61', 1619055737);
INSERT INTO `account_logs` VALUES (29, 10000000, 0, '查询未注册手机设备列表，查询条件：设备名称：,设备编码：,设备分组id：,关键字：,注册时间最小值：,注册时间最大值：', '223.72.62.61', 1619055739);
INSERT INTO `account_logs` VALUES (30, 10000000, 0, '查询设备组列表，查询条件：分组名称,最小添加时间：,最大添加时间：,最近修改时间：,最远修改时间：', '223.72.62.61', 1619055746);
INSERT INTO `account_logs` VALUES (31, 10000000, 0, '添加分组,设备id：1', '223.72.62.61', 1619055752);
INSERT INTO `account_logs` VALUES (32, 10000000, 0, '查询设备组列表，查询条件：分组名称,最小添加时间：,最大添加时间：,最近修改时间：,最远修改时间：', '223.72.62.61', 1619055754);
INSERT INTO `account_logs` VALUES (33, 10000000, 0, '查询app设备列表，查询条件：设备名称：,设备编码：,设备分组id：,关键字：,注册时间最小值：,注册时间最大值：', '223.72.62.61', 1619055759);
INSERT INTO `account_logs` VALUES (34, 10000000, 0, '查询未注册手机设备列表，查询条件：设备名称：,设备编码：,设备分组id：,关键字：,注册时间最小值：,注册时间最大值：', '223.72.62.61', 1619055761);
INSERT INTO `account_logs` VALUES (35, 10000000, 0, '查询未注册手机设备列表，查询条件：设备名称：,设备编码：,设备分组id：,关键字：,注册时间最小值：,注册时间最大值：', '223.72.62.61', 1619055810);
INSERT INTO `account_logs` VALUES (36, 10000000, 0, '查询未注册手机设备列表，查询条件：设备名称：,设备编码：,设备分组id：,关键字：,注册时间最小值：,注册时间最大值：', '223.72.62.61', 1619055866);
INSERT INTO `account_logs` VALUES (37, 10000000, 0, '编辑手机设备,设备id：4', '223.72.62.61', 1619056016);
INSERT INTO `account_logs` VALUES (38, 10000000, 0, '查询未注册手机设备列表，查询条件：设备名称：,设备编码：,设备分组id：,关键字：,注册时间最小值：,注册时间最大值：', '223.72.62.61', 1619056018);
INSERT INTO `account_logs` VALUES (39, 10000000, 0, '编辑手机设备,设备id：3', '223.72.62.61', 1619056031);
INSERT INTO `account_logs` VALUES (40, 10000000, 0, '查询未注册手机设备列表，查询条件：设备名称：,设备编码：,设备分组id：,关键字：,注册时间最小值：,注册时间最大值：', '223.72.62.61', 1619056039);
INSERT INTO `account_logs` VALUES (41, 10000000, 0, '编辑手机设备,设备id：1', '223.72.62.61', 1619056047);
INSERT INTO `account_logs` VALUES (42, 10000000, 0, '查询未注册手机设备列表，查询条件：设备名称：,设备编码：,设备分组id：,关键字：,注册时间最小值：,注册时间最大值：', '223.72.62.61', 1619056053);
INSERT INTO `account_logs` VALUES (43, 10000000, 0, '查询未注册手机设备列表，查询条件：设备名称：,设备编码：,设备分组id：,关键字：,注册时间最小值：,注册时间最大值：', '223.72.62.61', 1619056053);
INSERT INTO `account_logs` VALUES (44, 10000000, 0, '编辑手机设备,设备id：2', '223.72.62.61', 1619056063);
INSERT INTO `account_logs` VALUES (45, 10000000, 0, '查询app设备列表，查询条件：设备名称：,设备编码：,设备分组id：,关键字：,注册时间最小值：,注册时间最大值：', '223.72.62.61', 1619056065);
INSERT INTO `account_logs` VALUES (46, 10000000, 0, '查询app设备列表，查询条件：设备名称：,设备编码：,设备分组id：,关键字：,注册时间最小值：,注册时间最大值：', '223.72.62.61', 1619056065);
INSERT INTO `account_logs` VALUES (47, 10000000, 0, '查询管理员列表,查询条件：账号：,名称：,状态：0,关键词：,创建时间最小值：,创建最大时间：', '223.72.62.61', 1619056066);
INSERT INTO `account_logs` VALUES (48, 10000000, 0, '查询管理员列表,查询条件：账号：,名称：,状态：0,关键词：,创建时间最小值：,创建最大时间：', '223.72.62.61', 1619056066);
INSERT INTO `account_logs` VALUES (49, 10000000, 0, '编辑管理员,管理员id：10000000', '223.72.62.61', 1619056076);
INSERT INTO `account_logs` VALUES (50, 10000000, 0, '查看设备状态- 查询条件:设备名称 ,分组id ,关键字 ,设备编码 ,设备时间最小值 ,设备时间最大值 ', '223.72.62.61', 1619056077);
INSERT INTO `account_logs` VALUES (51, 10000000, 0, '查看设备状态- 查询条件:设备名称 ,分组id ,关键字 ,设备编码 ,设备时间最小值 ,设备时间最大值 ', '223.72.62.61', 1619056081);
INSERT INTO `account_logs` VALUES (52, 10000000, 0, '查询手机设备记录，设备id 1', '223.72.62.61', 1619056085);
INSERT INTO `account_logs` VALUES (53, 10000000, 0, '查看设备状态- 查询条件:设备名称 ,分组id ,关键字 ,设备编码 ,设备时间最小值 ,设备时间最大值 ', '223.72.62.61', 1619056223);
INSERT INTO `account_logs` VALUES (54, 10000000, 0, '查询app设备列表，查询条件：设备名称：,设备编码：,设备分组id：,关键字：,注册时间最小值：,注册时间最大值：', '223.72.62.61', 1619056361);
INSERT INTO `account_logs` VALUES (55, 10000000, 0, '查询app设备列表，查询条件：设备名称：,设备编码：,设备分组id：,关键字：,注册时间最小值：,注册时间最大值：', '223.72.62.61', 1619056361);
INSERT INTO `account_logs` VALUES (56, 10000000, 0, '查询未注册手机设备列表，查询条件：设备名称：,设备编码：,设备分组id：,关键字：,注册时间最小值：,注册时间最大值：', '223.72.62.61', 1619056362);
INSERT INTO `account_logs` VALUES (57, 10000000, 0, '查询未注册手机设备列表，查询条件：设备名称：,设备编码：,设备分组id：,关键字：,注册时间最小值：,注册时间最大值：', '223.72.62.61', 1619056393);
INSERT INTO `account_logs` VALUES (58, 10000000, 0, '编辑手机设备,设备id：5', '223.72.62.61', 1619056634);
INSERT INTO `account_logs` VALUES (59, 10000000, 0, '编辑手机设备,设备id：5', '223.72.62.61', 1619056635);
INSERT INTO `account_logs` VALUES (60, 10000000, 0, '查看设备状态- 查询条件:设备名称 ,分组id ,关键字 ,设备编码 ,设备时间最小值 ,设备时间最大值 ', '223.72.62.61', 1619056638);
INSERT INTO `account_logs` VALUES (61, 10000000, 0, '查看设备状态- 查询条件:设备名称 ,分组id ,关键字 ,设备编码 ,设备时间最小值 ,设备时间最大值 ', '223.72.62.61', 1619056640);
INSERT INTO `account_logs` VALUES (62, 10000000, 0, '查询管理员列表,查询条件：账号：,名称：,状态：0,关键词：,创建时间最小值：,创建最大时间：', '223.72.62.61', 1619056642);
INSERT INTO `account_logs` VALUES (63, 10000000, 0, '查看设备状态- 查询条件:设备名称 ,分组id ,关键字 ,设备编码 ,设备时间最小值 ,设备时间最大值 ', '223.72.62.61', 1619056652);
INSERT INTO `account_logs` VALUES (64, 10000000, 0, '查询管理员列表,查询条件：账号：,名称：,状态：0,关键词：,创建时间最小值：,创建最大时间：', '223.72.62.61', 1619056654);
INSERT INTO `account_logs` VALUES (65, 10000000, 0, '编辑管理员,管理员id：10000000', '223.72.62.61', 1619056660);
INSERT INTO `account_logs` VALUES (66, 10000000, 0, '查看设备状态- 查询条件:设备名称 ,分组id ,关键字 ,设备编码 ,设备时间最小值 ,设备时间最大值 ', '223.72.62.61', 1619056663);
INSERT INTO `account_logs` VALUES (67, 10000000, 0, '查看设备状态- 查询条件:设备名称 ,分组id ,关键字 ,设备编码 ,设备时间最小值 ,设备时间最大值 ', '223.72.62.61', 1619056667);
INSERT INTO `account_logs` VALUES (68, 10000000, 0, '查看设备状态- 查询条件:设备名称 ,分组id ,关键字 ,设备编码 ,设备时间最小值 ,设备时间最大值 ', '223.72.62.61', 1619056702);
INSERT INTO `account_logs` VALUES (69, 10000000, 0, '查看设备状态- 查询条件:设备名称 ,分组id ,关键字 ,设备编码 ,设备时间最小值 ,设备时间最大值 ', '223.72.62.61', 1619056703);
INSERT INTO `account_logs` VALUES (70, 10000000, 0, '查看设备状态- 查询条件:设备名称 ,分组id ,关键字 ,设备编码 ,设备时间最小值 ,设备时间最大值 ', '223.72.62.61', 1619056738);
INSERT INTO `account_logs` VALUES (71, 10000000, 0, '查看设备状态- 查询条件:设备名称 ,分组id ,关键字 ,设备编码 ,设备时间最小值 ,设备时间最大值 ', '223.72.62.61', 1619056739);
INSERT INTO `account_logs` VALUES (72, 10000000, 0, '查看设备状态- 查询条件:设备名称 ,分组id ,关键字 ,设备编码 ,设备时间最小值 ,设备时间最大值 ', '223.72.62.61', 1619056739);
INSERT INTO `account_logs` VALUES (73, 10000000, 0, '查看设备状态- 查询条件:设备名称 ,分组id ,关键字 ,设备编码 ,设备时间最小值 ,设备时间最大值 ', '223.72.62.61', 1619056740);
INSERT INTO `account_logs` VALUES (74, 10000000, 0, '查看设备状态- 查询条件:设备名称 ,分组id ,关键字 ,设备编码 ,设备时间最小值 ,设备时间最大值 ', '223.72.62.61', 1619056740);
INSERT INTO `account_logs` VALUES (75, 10000000, 0, '查看设备状态- 查询条件:设备名称 ,分组id ,关键字 ,设备编码 ,设备时间最小值 ,设备时间最大值 ', '223.72.62.61', 1619056740);
INSERT INTO `account_logs` VALUES (76, 10000000, 0, '查看设备状态- 查询条件:设备名称 ,分组id ,关键字 ,设备编码 ,设备时间最小值 ,设备时间最大值 ', '223.72.62.61', 1619056740);
INSERT INTO `account_logs` VALUES (77, 10000000, 0, '查看设备状态- 查询条件:设备名称 ,分组id ,关键字 ,设备编码 ,设备时间最小值 ,设备时间最大值 ', '223.72.62.61', 1619056741);
INSERT INTO `account_logs` VALUES (78, 10000000, 0, '查看设备状态- 查询条件:设备名称 ,分组id ,关键字 ,设备编码 ,设备时间最小值 ,设备时间最大值 ', '223.72.62.61', 1619057309);
INSERT INTO `account_logs` VALUES (79, 10000000, 0, '查看设备状态- 查询条件:设备名称 ,分组id ,关键字 ,设备编码 ,设备时间最小值 ,设备时间最大值 ', '223.72.62.61', 1619057314);
INSERT INTO `account_logs` VALUES (80, 10000000, 0, '查看设备状态- 查询条件:设备名称 ,分组id ,关键字 ,设备编码 ,设备时间最小值 ,设备时间最大值 ', '223.72.62.61', 1619057512);
INSERT INTO `account_logs` VALUES (81, 10000000, 0, '查询app设备列表，查询条件：设备名称：,设备编码：,设备分组id：,关键字：,注册时间最小值：,注册时间最大值：', '223.72.62.61', 1619057570);
INSERT INTO `account_logs` VALUES (82, 10000000, 0, '查询管理员列表,查询条件：账号：,名称：,状态：0,关键词：,创建时间最小值：,创建最大时间：', '223.72.62.61', 1619057571);
INSERT INTO `account_logs` VALUES (83, 10000000, 0, '查询app设备列表，查询条件：设备名称：,设备编码：,设备分组id：,关键字：,注册时间最小值：,注册时间最大值：', '223.72.62.61', 1619057572);
INSERT INTO `account_logs` VALUES (84, 10000000, 0, '查询未注册手机设备列表，查询条件：设备名称：,设备编码：,设备分组id：,关键字：,注册时间最小值：,注册时间最大值：', '223.72.62.61', 1619057573);
INSERT INTO `account_logs` VALUES (85, 10000000, 0, '查询未注册手机设备列表，查询条件：设备名称：,设备编码：,设备分组id：,关键字：,注册时间最小值：,注册时间最大值：', '223.72.62.61', 1619057628);
INSERT INTO `account_logs` VALUES (86, 10000000, 0, '编辑手机设备,设备id：6', '223.72.62.61', 1619057636);
INSERT INTO `account_logs` VALUES (87, 10000000, 0, '首页查看', '223.72.62.61', 1619057638);
INSERT INTO `account_logs` VALUES (88, 10000000, 0, '查看设备状态- 查询条件:设备名称 ,分组id ,关键字 ,设备编码 ,设备时间最小值 ,设备时间最大值 ', '223.72.62.61', 1619057639);
INSERT INTO `account_logs` VALUES (89, 10000000, 0, '查询权限列表，查询条件：规则名称：,模块名称：,控制器：,方法：', '223.72.62.61', 1619057642);
INSERT INTO `account_logs` VALUES (90, 10000000, 0, '查询权限列表，查询条件：规则名称：,模块名称：,控制器：,方法：', '223.72.62.61', 1619057642);
INSERT INTO `account_logs` VALUES (91, 10000000, 0, '查询管理员列表,查询条件：账号：,名称：,状态：0,关键词：,创建时间最小值：,创建最大时间：', '223.72.62.61', 1619057643);
INSERT INTO `account_logs` VALUES (92, 10000000, 0, '查询管理员列表,查询条件：账号：,名称：,状态：0,关键词：,创建时间最小值：,创建最大时间：', '223.72.62.61', 1619057643);
INSERT INTO `account_logs` VALUES (93, 10000000, 0, '编辑管理员,管理员id：10000000', '223.72.62.61', 1619057656);
INSERT INTO `account_logs` VALUES (94, 10000000, 0, '编辑管理员,管理员id：10000000', '223.72.62.61', 1619057659);
INSERT INTO `account_logs` VALUES (95, 10000000, 0, '查看设备状态- 查询条件:设备名称 ,分组id ,关键字 ,设备编码 ,设备时间最小值 ,设备时间最大值 ', '223.72.62.61', 1619057661);
INSERT INTO `account_logs` VALUES (96, 10000000, 0, '查看设备状态- 查询条件:设备名称 ,分组id ,关键字 ,设备编码 ,设备时间最小值 ,设备时间最大值 ', '223.72.62.61', 1619057668);
INSERT INTO `account_logs` VALUES (97, 10000000, 0, '查看设备状态- 查询条件:设备名称 ,分组id ,关键字 ,设备编码 ,设备时间最小值 ,设备时间最大值 ', '223.72.62.61', 1619057682);
INSERT INTO `account_logs` VALUES (98, 10000000, 0, '查看设备状态- 查询条件:设备名称 ,分组id ,关键字 ,设备编码 ,设备时间最小值 ,设备时间最大值 ', '223.72.62.61', 1619057764);
INSERT INTO `account_logs` VALUES (99, 10000000, 0, '查看设备状态- 查询条件:设备名称 ,分组id ,关键字 ,设备编码 ,设备时间最小值 ,设备时间最大值 ', '223.72.62.61', 1619057942);
INSERT INTO `account_logs` VALUES (100, 10000000, 0, '查看设备状态- 查询条件:设备名称 ,分组id ,关键字 ,设备编码 ,设备时间最小值 ,设备时间最大值 ', '223.72.62.61', 1619057958);
INSERT INTO `account_logs` VALUES (101, 10000000, 0, '查看设备状态- 查询条件:设备名称 ,分组id ,关键字 ,设备编码 ,设备时间最小值 ,设备时间最大值 ', '223.72.62.61', 1619057962);
INSERT INTO `account_logs` VALUES (102, 10000000, 0, '查看设备状态- 查询条件:设备名称 ,分组id ,关键字 ,设备编码 ,设备时间最小值 ,设备时间最大值 ', '223.72.62.61', 1619057964);
INSERT INTO `account_logs` VALUES (103, 10000000, 0, '查看设备状态- 查询条件:设备名称 ,分组id ,关键字 ,设备编码 ,设备时间最小值 ,设备时间最大值 ', '223.72.62.61', 1619057966);
INSERT INTO `account_logs` VALUES (104, 10000000, 0, '查看设备状态- 查询条件:设备名称 ,分组id ,关键字 ,设备编码 ,设备时间最小值 ,设备时间最大值 ', '223.72.62.61', 1619058438);
INSERT INTO `account_logs` VALUES (105, 10000000, 0, '查看设备状态- 查询条件:设备名称 ,分组id ,关键字 ,设备编码 ,设备时间最小值 ,设备时间最大值 ', '223.72.62.61', 1619058440);
INSERT INTO `account_logs` VALUES (106, 10000000, 0, '查看设备状态- 查询条件:设备名称 ,分组id ,关键字 ,设备编码 ,设备时间最小值 ,设备时间最大值 ', '223.72.62.61', 1619058715);
INSERT INTO `account_logs` VALUES (107, 10000000, 0, '登入系统', '114.253.245.103', 1619059523);
INSERT INTO `account_logs` VALUES (108, 10000000, 0, '首页查看', '114.253.245.103', 1619059523);
INSERT INTO `account_logs` VALUES (109, 10000000, 0, '查询管理员列表,查询条件：账号：,名称：,状态：0,关键词：,创建时间最小值：,创建最大时间：', '114.253.245.103', 1619059528);
INSERT INTO `account_logs` VALUES (110, 10000000, 0, '查看设备状态- 查询条件:设备名称 ,分组id ,关键字 ,设备编码 ,设备时间最小值 ,设备时间最大值 ', '223.72.62.61', 1619059907);
INSERT INTO `account_logs` VALUES (111, 10000000, 0, '首页查看', '223.72.62.61', 1619062600);
INSERT INTO `account_logs` VALUES (112, 10000000, 0, '首页查看', '223.72.62.61', 1619070831);
INSERT INTO `account_logs` VALUES (113, 10000000, 0, '查看设备状态- 查询条件:设备名称 ,分组id ,关键字 ,设备编码 ,设备时间最小值 ,设备时间最大值 ', '223.72.62.61', 1619073248);
INSERT INTO `account_logs` VALUES (114, 10000000, 0, '查看设备状态- 查询条件:设备名称 ,分组id ,关键字 ,设备编码 ,设备时间最小值 ,设备时间最大值 ', '223.72.62.61', 1619073250);
INSERT INTO `account_logs` VALUES (115, 10000000, 0, '查看设备状态- 查询条件:设备名称 ,分组id ,关键字 ,设备编码 ,设备时间最小值 ,设备时间最大值 ', '223.72.62.61', 1619073252);
INSERT INTO `account_logs` VALUES (116, 10000000, 0, '登入系统', '114.253.245.103', 1619077968);
INSERT INTO `account_logs` VALUES (117, 10000000, 0, '首页查看', '114.253.245.103', 1619077969);
INSERT INTO `account_logs` VALUES (118, 10000000, 0, '查看设备状态- 查询条件:设备名称 ,分组id ,关键字 ,设备编码 ,设备时间最小值 ,设备时间最大值 ', '114.253.245.103', 1619077971);
INSERT INTO `account_logs` VALUES (119, 10000000, 0, '查看设备状态- 查询条件:设备名称 ,分组id ,关键字 ,设备编码 ,设备时间最小值 ,设备时间最大值 ', '114.253.245.103', 1619078228);
INSERT INTO `account_logs` VALUES (120, 10000000, 0, '查询app设备列表，查询条件：设备名称：,设备编码：,设备分组id：,关键字：,注册时间最小值：,注册时间最大值：', '114.253.245.103', 1619078529);
INSERT INTO `account_logs` VALUES (121, 10000000, 0, '查看设备状态- 查询条件:设备名称 ,分组id ,关键字 ,设备编码 ,设备时间最小值 ,设备时间最大值 ', '223.72.62.61', 1619081372);
INSERT INTO `account_logs` VALUES (122, 10000000, 0, '查看设备状态- 查询条件:设备名称 ,分组id ,关键字 ,设备编码 ,设备时间最小值 ,设备时间最大值 ', '223.72.62.61', 1619081637);
INSERT INTO `account_logs` VALUES (123, 10000000, 0, '登入系统', '223.72.62.61', 1619139280);
INSERT INTO `account_logs` VALUES (124, 10000000, 0, '首页查看', '223.72.62.61', 1619139280);
INSERT INTO `account_logs` VALUES (125, 10000000, 0, '查看设备状态- 查询条件:设备名称 ,分组id ,关键字 ,设备编码 ,设备时间最小值 ,设备时间最大值 ', '223.72.62.61', 1619139282);
INSERT INTO `account_logs` VALUES (126, 10000000, 0, '查看设备状态- 查询条件:设备名称 ,分组id ,关键字 ,设备编码 ,设备时间最小值 ,设备时间最大值 ', '223.72.62.61', 1619142450);
INSERT INTO `account_logs` VALUES (127, 10000000, 0, '查看设备状态- 查询条件:设备名称 ,分组id ,关键字 ,设备编码 ,设备时间最小值 ,设备时间最大值 ', '223.72.62.61', 1619142452);
INSERT INTO `account_logs` VALUES (128, 10000000, 0, '登入系统', '114.253.245.103', 1619148665);
INSERT INTO `account_logs` VALUES (129, 10000000, 0, '首页查看', '114.253.245.103', 1619148665);
INSERT INTO `account_logs` VALUES (130, 10000000, 0, '查看设备状态- 查询条件:设备名称 ,分组id ,关键字 ,设备编码 ,设备时间最小值 ,设备时间最大值 ', '114.253.245.103', 1619148667);
INSERT INTO `account_logs` VALUES (131, 10000000, 0, '查看设备状态- 查询条件:设备名称 ,分组id ,关键字 ,设备编码 ,设备时间最小值 ,设备时间最大值 ', '114.253.245.103', 1619156046);
INSERT INTO `account_logs` VALUES (132, 10000000, 0, '查询管理员列表,查询条件：账号：,名称：,状态：0,关键词：,创建时间最小值：,创建最大时间：', '114.253.245.103', 1619156047);
INSERT INTO `account_logs` VALUES (133, 10000000, 0, '添加管理员,管理员id：10000001', '114.253.245.103', 1619156077);
INSERT INTO `account_logs` VALUES (134, 10000000, 0, '查询管理员列表,查询条件：账号：,名称：,状态：0,关键词：,创建时间最小值：,创建最大时间：', '114.253.245.103', 1619156080);
INSERT INTO `account_logs` VALUES (135, 10000000, 0, '账号退出系统', '114.253.245.103', 1619156084);
INSERT INTO `account_logs` VALUES (136, 10000001, 0, '登入系统', '114.253.245.103', 1619156089);
INSERT INTO `account_logs` VALUES (137, 10000001, 0, '首页查看', '114.253.245.103', 1619156089);
INSERT INTO `account_logs` VALUES (138, 10000001, 0, '查看设备状态- 查询条件:设备名称 ,分组id ,关键字 ,设备编码 ,设备时间最小值 ,设备时间最大值 ', '114.253.245.103', 1619156091);
INSERT INTO `account_logs` VALUES (139, 10000001, 0, '查看数据统计-数据总览-设备总览', '114.253.245.103', 1619156092);
INSERT INTO `account_logs` VALUES (140, 10000001, 0, '查询app设备列表，查询条件：设备名称：,设备编码：,设备分组id：,关键字：,注册时间最小值：,注册时间最大值：', '114.253.245.103', 1619156093);
INSERT INTO `account_logs` VALUES (141, 10000001, 0, '首页查看', '114.253.245.103', 1619156095);
INSERT INTO `account_logs` VALUES (142, 10000000, 0, '登入系统', '223.72.62.61', 1619163653);
INSERT INTO `account_logs` VALUES (143, 10000000, 0, '首页查看', '223.72.62.61', 1619163653);
INSERT INTO `account_logs` VALUES (144, 10000000, 0, '查看设备状态- 查询条件:设备名称 ,分组id ,关键字 ,设备编码 ,设备时间最小值 ,设备时间最大值 ', '223.72.62.61', 1619166560);
INSERT INTO `account_logs` VALUES (145, 10000000, 0, '查询手机设备记录，设备id 1', '223.72.62.61', 1619166565);
INSERT INTO `account_logs` VALUES (146, 10000001, 0, '登入系统', '112.112.74.17', 1619272065);
INSERT INTO `account_logs` VALUES (147, 10000001, 0, '首页查看', '112.112.74.17', 1619272065);
INSERT INTO `account_logs` VALUES (148, 10000001, 0, '查看设备状态- 查询条件:设备名称 ,分组id ,关键字 ,设备编码 ,设备时间最小值 ,设备时间最大值 ', '112.112.74.17', 1619272078);
INSERT INTO `account_logs` VALUES (149, 10000001, 0, '查看数据统计-数据总览-设备总览', '112.112.74.17', 1619272081);
INSERT INTO `account_logs` VALUES (150, 10000001, 0, '查询app设备列表，查询条件：设备名称：,设备编码：,设备分组id：,关键字：,注册时间最小值：,注册时间最大值：', '112.112.74.17', 1619272083);
INSERT INTO `account_logs` VALUES (151, 10000001, 0, '查看设备状态- 查询条件:设备名称 ,分组id ,关键字 ,设备编码 ,设备时间最小值 ,设备时间最大值 ', '112.112.74.17', 1619272094);
INSERT INTO `account_logs` VALUES (152, 10000001, 0, '首页查看', '112.112.74.17', 1619272096);
INSERT INTO `account_logs` VALUES (153, 10000001, 0, '查看数据统计-数据总览-设备总览', '112.112.74.17', 1619272124);
INSERT INTO `account_logs` VALUES (154, 10000001, 0, '首页查看', '112.112.74.17', 1619272127);
INSERT INTO `account_logs` VALUES (155, 10000001, 0, '查看设备状态- 查询条件:设备名称 ,分组id ,关键字 ,设备编码 ,设备时间最小值 ,设备时间最大值 ', '112.112.74.17', 1619272129);
INSERT INTO `account_logs` VALUES (156, 10000001, 0, '查看数据统计-数据总览-设备总览', '112.112.74.17', 1619272136);
INSERT INTO `account_logs` VALUES (157, 10000001, 0, '查看数据统计-数据总览-账号总览', '112.112.74.17', 1619272147);
INSERT INTO `account_logs` VALUES (158, 10000001, 0, '查看数据统计-数据总览-记录总览', '112.112.74.17', 1619272149);
INSERT INTO `account_logs` VALUES (159, 10000001, 0, '查询app设备列表，查询条件：设备名称：,设备编码：,设备分组id：,关键字：,注册时间最小值：,注册时间最大值：', '112.112.74.17', 1619272158);
INSERT INTO `account_logs` VALUES (160, 10000001, 0, '首页查看', '112.112.74.17', 1619272189);
INSERT INTO `account_logs` VALUES (161, 10000001, 0, '首页查看', '112.112.74.17', 1619272222);
INSERT INTO `account_logs` VALUES (162, 10000001, 0, '查看设备状态- 查询条件:设备名称 ,分组id ,关键字 ,设备编码 ,设备时间最小值 ,设备时间最大值 ', '112.112.74.17', 1619272269);
INSERT INTO `account_logs` VALUES (163, 10000001, 0, '查看数据统计-数据总览-设备总览', '112.112.74.17', 1619272365);
INSERT INTO `account_logs` VALUES (164, 10000001, 0, '查看数据统计-数据总览-账号总览', '112.112.74.17', 1619272367);
INSERT INTO `account_logs` VALUES (165, 10000001, 0, '查看数据统计-数据总览-记录总览', '112.112.74.17', 1619272369);
INSERT INTO `account_logs` VALUES (166, 10000001, 0, '查询app设备列表，查询条件：设备名称：,设备编码：,设备分组id：,关键字：,注册时间最小值：,注册时间最大值：', '112.112.74.17', 1619272415);
INSERT INTO `account_logs` VALUES (167, 10000001, 0, '查看设备状态- 查询条件:设备名称 ,分组id ,关键字 ,设备编码 ,设备时间最小值 ,设备时间最大值 ', '112.112.74.17', 1619272422);
INSERT INTO `account_logs` VALUES (168, 10000001, 0, '查看数据统计-数据总览-设备总览', '112.112.74.17', 1619272424);
INSERT INTO `account_logs` VALUES (169, 10000001, 0, '首页查看', '112.112.74.17', 1619272427);
INSERT INTO `account_logs` VALUES (170, 10000001, 0, '查看设备状态- 查询条件:设备名称 ,分组id ,关键字 ,设备编码 ,设备时间最小值 ,设备时间最大值 ', '112.112.74.17', 1619272445);
INSERT INTO `account_logs` VALUES (171, 10000000, 0, '登入系统', '223.72.62.61', 1619313916);
INSERT INTO `account_logs` VALUES (172, 10000000, 0, '首页查看', '223.72.62.61', 1619313916);
INSERT INTO `account_logs` VALUES (173, 10000000, 0, '查询app设备列表，查询条件：设备名称：,设备编码：,设备分组id：,关键字：,注册时间最小值：,注册时间最大值：', '223.72.62.61', 1619313918);
INSERT INTO `account_logs` VALUES (174, 10000000, 0, '查询未注册手机设备列表，查询条件：设备名称：,设备编码：,设备分组id：,关键字：,注册时间最小值：,注册时间最大值：', '223.72.62.61', 1619313924);
INSERT INTO `account_logs` VALUES (175, 10000000, 0, '查询app设备列表，查询条件：设备名称：,设备编码：,设备分组id：,关键字：,注册时间最小值：,注册时间最大值：', '223.72.62.61', 1619313925);
INSERT INTO `account_logs` VALUES (176, 10000000, 0, '查询app设备列表，查询条件：设备名称：,设备编码：,设备分组id：,关键字：,注册时间最小值：,注册时间最大值：', '223.72.62.61', 1619313929);
INSERT INTO `account_logs` VALUES (177, 10000000, 0, '查询app设备列表，查询条件：设备名称：,设备编码：,设备分组id：,关键字：,注册时间最小值：,注册时间最大值：', '223.72.62.61', 1619313941);
INSERT INTO `account_logs` VALUES (178, 10000000, 0, '查看设备状态- 查询条件:设备名称 ,分组id ,关键字 ,设备编码 ,设备时间最小值 ,设备时间最大值 ', '223.72.62.61', 1619313942);
INSERT INTO `account_logs` VALUES (179, 10000000, 0, '查询app设备列表，查询条件：设备名称：,设备编码：,设备分组id：,关键字：,注册时间最小值：,注册时间最大值：', '223.72.62.61', 1619313945);
INSERT INTO `account_logs` VALUES (180, 10000000, 0, '查询app设备列表，查询条件：设备名称：,设备编码：,设备分组id：,关键字：,注册时间最小值：,注册时间最大值：', '223.72.62.61', 1619314059);
INSERT INTO `account_logs` VALUES (181, 10000000, 0, '查询设备组列表，查询条件：分组名称,最小添加时间：,最大添加时间：,最近修改时间：,最远修改时间：', '223.72.62.61', 1619314064);
INSERT INTO `account_logs` VALUES (182, 10000000, 0, '查询app设备列表，查询条件：设备名称：,设备编码：,设备分组id：,关键字：,注册时间最小值：,注册时间最大值：', '223.72.62.61', 1619314065);
INSERT INTO `account_logs` VALUES (183, 10000000, 0, '查询app设备列表，查询条件：设备名称：,设备编码：,设备分组id：,关键字：,注册时间最小值：,注册时间最大值：', '223.72.62.61', 1619314065);
INSERT INTO `account_logs` VALUES (184, 10000000, 0, '编辑手机设备,设备id：6', '223.72.62.61', 1619314071);
INSERT INTO `account_logs` VALUES (185, 10000000, 0, '查询app设备列表，查询条件：设备名称：,设备编码：,设备分组id：,关键字：,注册时间最小值：,注册时间最大值：', '223.72.62.61', 1619314073);
INSERT INTO `account_logs` VALUES (186, 10000000, 0, '查询app设备列表，查询条件：设备名称：,设备编码：,设备分组id：,关键字：,注册时间最小值：,注册时间最大值：', '223.72.62.61', 1619314081);
INSERT INTO `account_logs` VALUES (187, 10000000, 0, '查询app设备列表，查询条件：设备名称：,设备编码：,设备分组id：,关键字：,注册时间最小值：,注册时间最大值：', '223.72.62.61', 1619314083);
INSERT INTO `account_logs` VALUES (188, 10000000, 0, '查询app设备列表，查询条件：设备名称：,设备编码：,设备分组id：,关键字：,注册时间最小值：,注册时间最大值：', '223.72.62.61', 1619314088);
INSERT INTO `account_logs` VALUES (189, 10000000, 0, '查询未注册手机设备列表，查询条件：设备名称：,设备编码：,设备分组id：,关键字：,注册时间最小值：,注册时间最大值：', '223.72.62.61', 1619315861);
INSERT INTO `account_logs` VALUES (190, 10000000, 0, '查询app设备列表，查询条件：设备名称：,设备编码：,设备分组id：,关键字：,注册时间最小值：,注册时间最大值：', '223.72.62.61', 1619315866);
INSERT INTO `account_logs` VALUES (191, 10000000, 0, '查询app设备列表，查询条件：设备名称：,设备编码：,设备分组id：,关键字：,注册时间最小值：,注册时间最大值：', '223.72.62.61', 1619315866);
INSERT INTO `account_logs` VALUES (192, 10000000, 0, '查询app设备列表，查询条件：设备名称：,设备编码：,设备分组id：,关键字：,注册时间最小值：,注册时间最大值：', '223.72.62.61', 1619322377);
INSERT INTO `account_logs` VALUES (193, 10000000, 0, '查询app设备列表，查询条件：设备名称：,设备编码：,设备分组id：,关键字：,注册时间最小值：,注册时间最大值：', '223.72.62.61', 1619323110);
INSERT INTO `account_logs` VALUES (194, 10000000, 0, '查询app设备列表，查询条件：设备名称：,设备编码：,设备分组id：,关键字：,注册时间最小值：,注册时间最大值：', '223.72.62.61', 1619333099);
INSERT INTO `account_logs` VALUES (195, 10000000, 0, '查询设备组列表，查询条件：分组名称,最小添加时间：,最大添加时间：,最近修改时间：,最远修改时间：', '223.72.62.61', 1619333101);
INSERT INTO `account_logs` VALUES (196, 10000000, 0, '查询app设备列表，查询条件：设备名称：,设备编码：,设备分组id：,关键字：,注册时间最小值：,注册时间最大值：', '223.72.62.61', 1619333102);
INSERT INTO `account_logs` VALUES (197, 10000000, 0, '查询app设备列表，查询条件：设备名称：,设备编码：,设备分组id：,关键字：,注册时间最小值：,注册时间最大值：', '223.72.62.61', 1619333109);
INSERT INTO `account_logs` VALUES (198, 10000000, 0, '查询app设备列表，查询条件：设备名称：,设备编码：,设备分组id：,关键字：,注册时间最小值：,注册时间最大值：', '223.72.62.61', 1619333113);
INSERT INTO `account_logs` VALUES (199, 10000000, 0, '查询app设备列表，查询条件：设备名称：,设备编码：,设备分组id：,关键字：,注册时间最小值：,注册时间最大值：', '223.72.62.61', 1619333174);
INSERT INTO `account_logs` VALUES (200, 10000000, 0, '查询app设备列表，查询条件：设备名称：,设备编码：,设备分组id：,关键字：,注册时间最小值：,注册时间最大值：', '223.72.62.61', 1619333177);
INSERT INTO `account_logs` VALUES (201, 10000000, 0, '查询app设备列表，查询条件：设备名称：,设备编码：,设备分组id：,关键字：,注册时间最小值：,注册时间最大值：', '223.72.62.61', 1619333178);
INSERT INTO `account_logs` VALUES (202, 10000000, 0, '查询app设备列表，查询条件：设备名称：,设备编码：,设备分组id：,关键字：,注册时间最小值：,注册时间最大值：', '223.72.62.61', 1619333267);
INSERT INTO `account_logs` VALUES (203, 10000000, 0, '查询app设备列表，查询条件：设备名称：,设备编码：,设备分组id：,关键字：,注册时间最小值：,注册时间最大值：', '223.72.62.61', 1619343619);
INSERT INTO `account_logs` VALUES (204, 10000000, 0, '查询app设备列表，查询条件：设备名称：,设备编码：,设备分组id：,关键字：,注册时间最小值：,注册时间最大值：', '223.72.62.61', 1619343622);
INSERT INTO `account_logs` VALUES (205, 10000000, 0, '查询app设备列表，查询条件：设备名称：,设备编码：,设备分组id：,关键字：,注册时间最小值：,注册时间最大值：', '223.72.62.61', 1619343623);
INSERT INTO `account_logs` VALUES (206, 10000000, 0, '查询app设备列表，查询条件：设备名称：,设备编码：,设备分组id：,关键字：,注册时间最小值：,注册时间最大值：', '223.72.62.61', 1619343625);
INSERT INTO `account_logs` VALUES (207, 10000000, 0, '查询app设备列表，查询条件：设备名称：,设备编码：,设备分组id：,关键字：,注册时间最小值：,注册时间最大值：', '223.72.62.61', 1619343625);
INSERT INTO `account_logs` VALUES (208, 10000000, 0, '查询未注册手机设备列表，查询条件：设备名称：,设备编码：,设备分组id：,关键字：,注册时间最小值：,注册时间最大值：', '223.72.62.61', 1619343629);
INSERT INTO `account_logs` VALUES (209, 10000000, 0, '查询app设备列表，查询条件：设备名称：,设备编码：,设备分组id：,关键字：,注册时间最小值：,注册时间最大值：', '223.72.62.61', 1619343637);
INSERT INTO `account_logs` VALUES (210, 10000000, 0, '查看设备状态- 查询条件:设备名称 ,分组id ,关键字 ,设备编码 ,设备时间最小值 ,设备时间最大值 ', '223.72.62.61', 1619343799);
INSERT INTO `account_logs` VALUES (211, 10000000, 0, '查询手机设备记录，设备id 6', '223.72.62.61', 1619343801);
INSERT INTO `account_logs` VALUES (212, 10000000, 0, '查询管理员列表,查询条件：账号：,名称：,状态：0,关键词：,创建时间最小值：,创建最大时间：', '223.72.62.61', 1619343803);
INSERT INTO `account_logs` VALUES (213, 10000000, 0, '查看设备状态- 查询条件:设备名称 ,分组id ,关键字 ,设备编码 ,设备时间最小值 ,设备时间最大值 ', '223.72.62.61', 1619343823);
INSERT INTO `account_logs` VALUES (214, 10000000, 0, '查询管理员列表,查询条件：账号：,名称：,状态：0,关键词：,创建时间最小值：,创建最大时间：', '223.72.62.61', 1619343845);
INSERT INTO `account_logs` VALUES (215, 10000000, 0, '查询权限列表，查询条件：规则名称：,模块名称：,控制器：,方法：', '223.72.62.61', 1619343850);
INSERT INTO `account_logs` VALUES (216, 10000000, 0, '查询app设备列表，查询条件：设备名称：,设备编码：,设备分组id：,关键字：,注册时间最小值：,注册时间最大值：', '223.72.62.61', 1619343854);
INSERT INTO `account_logs` VALUES (217, 10000000, 0, '查看设备状态- 查询条件:设备名称 ,分组id ,关键字 ,设备编码 ,设备时间最小值 ,设备时间最大值 ', '223.72.62.61', 1619344080);
INSERT INTO `account_logs` VALUES (218, 10000000, 0, '查询客户组，查询条件：分组名称：,添加最小时间：,添加最大时间：,修改最小时间：,修改最大时间：', '223.72.62.61', 1619344537);
INSERT INTO `account_logs` VALUES (219, 10000000, 0, '登入系统', '114.253.245.103', 1619401358);
INSERT INTO `account_logs` VALUES (220, 10000000, 0, '首页查看', '114.253.245.103', 1619401358);
INSERT INTO `account_logs` VALUES (221, 10000000, 0, '查询管理员列表,查询条件：账号：,名称：,状态：0,关键词：,创建时间最小值：,创建最大时间：', '114.253.245.103', 1619401361);
INSERT INTO `account_logs` VALUES (222, 10000000, 0, '登入系统', '223.72.62.61', 1619404320);
INSERT INTO `account_logs` VALUES (223, 10000000, 0, '首页查看', '223.72.62.61', 1619404320);
INSERT INTO `account_logs` VALUES (224, 10000000, 0, '查看数据统计-数据总览-设备总览', '223.72.62.61', 1619415367);
INSERT INTO `account_logs` VALUES (225, 10000000, 0, '查询app设备列表，查询条件：设备名称：,设备编码：,设备分组id：,关键字：,注册时间最小值：,注册时间最大值：', '223.72.62.61', 1619417605);
INSERT INTO `account_logs` VALUES (226, 10000000, 0, '查询未注册手机设备列表，查询条件：设备名称：,设备编码：,设备分组id：,关键字：,注册时间最小值：,注册时间最大值：', '223.72.62.61', 1619417608);
INSERT INTO `account_logs` VALUES (227, 10000000, 0, '查看设备状态- 查询条件:设备名称 ,分组id ,关键字 ,设备编码 ,设备时间最小值 ,设备时间最大值 ', '223.72.62.61', 1619419913);
INSERT INTO `account_logs` VALUES (228, 10000000, 0, '查询手机设备记录，设备id 1', '223.72.62.61', 1619419917);
INSERT INTO `account_logs` VALUES (229, 10000000, 0, '查看设备状态- 查询条件:设备名称 ,分组id ,关键字 ,设备编码 ,设备时间最小值 ,设备时间最大值 ', '223.72.62.61', 1619428271);
INSERT INTO `account_logs` VALUES (230, 10000000, 0, '首页查看', '223.72.62.61', 1619428273);
INSERT INTO `account_logs` VALUES (231, 10000000, 0, '登入系统', '223.72.62.61', 1619484696);
INSERT INTO `account_logs` VALUES (232, 10000000, 0, '首页查看', '223.72.62.61', 1619484696);
INSERT INTO `account_logs` VALUES (233, 10000000, 0, '首页查看', '223.72.62.61', 1619490530);
INSERT INTO `account_logs` VALUES (234, 10000000, 0, '查询app设备列表，查询条件：设备名称：,设备编码：,设备分组id：,关键字：,注册时间最小值：,注册时间最大值：', '223.72.62.61', 1619490534);
INSERT INTO `account_logs` VALUES (235, 10000000, 0, '查询管理员列表,查询条件：账号：,名称：,状态：0,关键词：,创建时间最小值：,创建最大时间：', '223.72.62.61', 1619490537);
INSERT INTO `account_logs` VALUES (236, 10000000, 0, '查询app设备列表，查询条件：设备名称：,设备编码：,设备分组id：,关键字：,注册时间最小值：,注册时间最大值：', '223.72.62.61', 1619490540);
INSERT INTO `account_logs` VALUES (237, 10000000, 0, '查询未注册手机设备列表，查询条件：设备名称：,设备编码：,设备分组id：,关键字：,注册时间最小值：,注册时间最大值：', '223.72.62.61', 1619490541);
INSERT INTO `account_logs` VALUES (238, 10000000, 0, '编辑手机设备,设备id：7', '223.72.62.61', 1619491642);
INSERT INTO `account_logs` VALUES (239, 10000000, 0, '查询未注册手机设备列表，查询条件：设备名称：,设备编码：,设备分组id：,关键字：,注册时间最小值：,注册时间最大值：', '223.72.62.61', 1619491644);
INSERT INTO `account_logs` VALUES (240, 10000000, 0, '编辑手机设备,设备id：9', '223.72.62.61', 1619491649);
INSERT INTO `account_logs` VALUES (241, 10000000, 0, '查询未注册手机设备列表，查询条件：设备名称：,设备编码：,设备分组id：,关键字：,注册时间最小值：,注册时间最大值：', '223.72.62.61', 1619491651);
INSERT INTO `account_logs` VALUES (242, 10000000, 0, '编辑手机设备,设备id：8', '223.72.62.61', 1619491658);
INSERT INTO `account_logs` VALUES (243, 10000000, 0, '查询管理员列表,查询条件：账号：,名称：,状态：0,关键词：,创建时间最小值：,创建最大时间：', '223.72.62.61', 1619491660);
INSERT INTO `account_logs` VALUES (244, 10000000, 0, '查看设备状态- 查询条件:设备名称 ,分组id ,关键字 ,设备编码 ,设备时间最小值 ,设备时间最大值 ', '223.72.62.61', 1619491663);
INSERT INTO `account_logs` VALUES (245, 10000000, 0, '查看设备状态- 查询条件:设备名称 ,分组id ,关键字 ,设备编码 ,设备时间最小值 ,设备时间最大值 ', '223.72.62.61', 1619491666);
INSERT INTO `account_logs` VALUES (246, 10000000, 0, '查看设备状态- 查询条件:设备名称 ,分组id ,关键字 ,设备编码 ,设备时间最小值 ,设备时间最大值 ', '223.72.62.61', 1619491667);
INSERT INTO `account_logs` VALUES (247, 10000000, 0, '查看设备状态- 查询条件:设备名称 ,分组id ,关键字 ,设备编码 ,设备时间最小值 ,设备时间最大值 ', '223.72.62.61', 1619491674);
INSERT INTO `account_logs` VALUES (248, 10000000, 0, '查询管理员列表,查询条件：账号：,名称：,状态：0,关键词：,创建时间最小值：,创建最大时间：', '223.72.62.61', 1619491676);
INSERT INTO `account_logs` VALUES (249, 10000000, 0, '查询管理员列表,查询条件：账号：,名称：,状态：0,关键词：,创建时间最小值：,创建最大时间：', '223.72.62.61', 1619491686);
INSERT INTO `account_logs` VALUES (250, 10000000, 0, '编辑管理员,管理员id：10000000', '223.72.62.61', 1619491704);
INSERT INTO `account_logs` VALUES (251, 10000000, 0, '查看设备状态- 查询条件:设备名称 ,分组id ,关键字 ,设备编码 ,设备时间最小值 ,设备时间最大值 ', '223.72.62.61', 1619491705);
INSERT INTO `account_logs` VALUES (252, 10000000, 0, '查询手机设备记录，设备id 9', '223.72.62.61', 1619491715);
INSERT INTO `account_logs` VALUES (253, 10000000, 0, '查询手机设备记录，设备id 8', '223.72.62.61', 1619491741);
INSERT INTO `account_logs` VALUES (254, 10000000, 0, '查询手机设备记录，设备id 7', '223.72.62.61', 1619491746);
INSERT INTO `account_logs` VALUES (255, 10000000, 0, '查询手机设备记录，设备id 7', '223.72.62.61', 1619491755);
INSERT INTO `account_logs` VALUES (256, 10000000, 0, '查看设备状态- 查询条件:设备名称 ,分组id ,关键字 ,设备编码 ,设备时间最小值 ,设备时间最大值 ', '223.72.62.61', 1619491759);
INSERT INTO `account_logs` VALUES (257, 10000000, 0, '查看设备状态- 查询条件:设备名称 ,分组id ,关键字 ,设备编码 ,设备时间最小值 ,设备时间最大值 ', '223.72.62.61', 1619491762);
INSERT INTO `account_logs` VALUES (258, 10000000, 0, '查看设备状态- 查询条件:设备名称 ,分组id ,关键字 ,设备编码 ,设备时间最小值 ,设备时间最大值 ', '223.72.62.61', 1619492216);
INSERT INTO `account_logs` VALUES (259, 10000000, 0, '查看设备状态- 查询条件:设备名称 ,分组id ,关键字 ,设备编码 ,设备时间最小值 ,设备时间最大值 ', '223.72.62.61', 1619492218);
INSERT INTO `account_logs` VALUES (260, 10000000, 0, '查看设备状态- 查询条件:设备名称 ,分组id ,关键字 ,设备编码 ,设备时间最小值 ,设备时间最大值 ', '223.72.62.61', 1619492442);
INSERT INTO `account_logs` VALUES (261, 10000000, 0, '查询手机设备记录，设备id 7', '223.72.62.61', 1619492460);
INSERT INTO `account_logs` VALUES (262, 10000000, 0, '查看设备状态- 查询条件:设备名称 ,分组id ,关键字 ,设备编码 ,设备时间最小值 ,设备时间最大值 ', '223.72.62.61', 1619492505);
INSERT INTO `account_logs` VALUES (263, 10000000, 0, '查看设备状态- 查询条件:设备名称 ,分组id ,关键字 ,设备编码 ,设备时间最小值 ,设备时间最大值 ', '223.72.62.61', 1619492526);
INSERT INTO `account_logs` VALUES (264, 10000000, 0, '查看设备状态- 查询条件:设备名称 ,分组id ,关键字 ,设备编码 ,设备时间最小值 ,设备时间最大值 ', '223.72.62.61', 1619492631);
INSERT INTO `account_logs` VALUES (265, 10000000, 0, '查看设备状态- 查询条件:设备名称 ,分组id ,关键字 ,设备编码 ,设备时间最小值 ,设备时间最大值 ', '223.72.62.61', 1619494134);
INSERT INTO `account_logs` VALUES (266, 10000000, 0, '查看设备状态- 查询条件:设备名称 ,分组id ,关键字 ,设备编码 ,设备时间最小值 ,设备时间最大值 ', '223.72.62.61', 1619494460);
INSERT INTO `account_logs` VALUES (267, 10000000, 0, '登入系统', '223.72.62.61', 1619504123);
INSERT INTO `account_logs` VALUES (268, 10000000, 0, '首页查看', '223.72.62.61', 1619504123);
INSERT INTO `account_logs` VALUES (269, 10000000, 0, '查询app设备列表，查询条件：设备名称：,设备编码：,设备分组id：,关键字：,注册时间最小值：,注册时间最大值：', '223.72.62.61', 1619512781);
INSERT INTO `account_logs` VALUES (270, 10000000, 0, '查看设备状态- 查询条件:设备名称 ,分组id ,关键字 ,设备编码 ,设备时间最小值 ,设备时间最大值 ', '223.72.62.61', 1619513880);
INSERT INTO `account_logs` VALUES (271, 10000000, 0, '查询手机设备记录，设备id 7', '223.72.62.61', 1619513884);
INSERT INTO `account_logs` VALUES (272, 10000000, 0, '查看设备状态- 查询条件:设备名称 ,分组id ,关键字 ,设备编码 ,设备时间最小值 ,设备时间最大值 ', '223.72.62.61', 1619515400);
INSERT INTO `account_logs` VALUES (273, 10000000, 0, '登入系统', '223.72.62.61', 1619573280);
INSERT INTO `account_logs` VALUES (274, 10000000, 0, '首页查看', '223.72.62.61', 1619573280);
INSERT INTO `account_logs` VALUES (275, 10000000, 0, '查看设备状态- 查询条件:设备名称 ,分组id ,关键字 ,设备编码 ,设备时间最小值 ,设备时间最大值 ', '223.72.62.61', 1619573285);
INSERT INTO `account_logs` VALUES (276, 10000000, 0, '查询手机设备记录，设备id 7', '223.72.62.61', 1619573290);
INSERT INTO `account_logs` VALUES (277, 10000000, 0, '查询手机设备记录，设备id 7', '223.72.62.61', 1619573463);
INSERT INTO `account_logs` VALUES (278, 10000000, 0, '查询手机设备记录，设备id 4', '223.72.62.61', 1619573479);
INSERT INTO `account_logs` VALUES (279, 10000000, 0, '查询手机设备记录，设备id 7', '223.72.62.61', 1619573609);
INSERT INTO `account_logs` VALUES (280, 10000000, 0, '查看设备状态- 查询条件:设备名称 ,分组id ,关键字 ,设备编码 ,设备时间最小值 ,设备时间最大值 ', '223.72.62.61', 1619573627);
INSERT INTO `account_logs` VALUES (281, 10000000, 0, '查询手机设备记录，设备id 1', '223.72.62.61', 1619573632);
INSERT INTO `account_logs` VALUES (282, 10000000, 0, '查询手机设备记录，设备id 4', '223.72.62.61', 1619573646);
INSERT INTO `account_logs` VALUES (283, 10000000, 0, '查询手机设备记录，设备id 2', '223.72.62.61', 1619573656);
INSERT INTO `account_logs` VALUES (284, 10000000, 0, '查询手机设备记录，设备id 3', '223.72.62.61', 1619573660);
INSERT INTO `account_logs` VALUES (285, 10000000, 0, '查询手机设备记录，设备id 9', '223.72.62.61', 1619573667);
INSERT INTO `account_logs` VALUES (286, 10000000, 0, '查询手机设备记录，设备id 9', '223.72.62.61', 1619573672);
INSERT INTO `account_logs` VALUES (287, 10000000, 0, '查询手机设备记录，设备id 7', '223.72.62.61', 1619573693);
INSERT INTO `account_logs` VALUES (288, 10000000, 0, '查看设备状态- 查询条件:设备名称 ,分组id ,关键字 ,设备编码 ,设备时间最小值 ,设备时间最大值 ', '223.72.62.61', 1619573703);
INSERT INTO `account_logs` VALUES (289, 10000000, 0, '查看设备状态- 查询条件:设备名称 ,分组id ,关键字 ,设备编码 ,设备时间最小值 ,设备时间最大值 ', '223.72.62.61', 1619573766);
INSERT INTO `account_logs` VALUES (290, 10000000, 0, '查看设备状态- 查询条件:设备名称 ,分组id ,关键字 ,设备编码 ,设备时间最小值 ,设备时间最大值 ', '223.72.62.61', 1619574172);
INSERT INTO `account_logs` VALUES (291, 10000000, 0, '查询手机设备记录，设备id 7', '223.72.62.61', 1619574175);
INSERT INTO `account_logs` VALUES (292, 10000000, 0, '查看设备状态- 查询条件:设备名称 ,分组id ,关键字 ,设备编码 ,设备时间最小值 ,设备时间最大值 ', '223.72.62.61', 1619575447);
INSERT INTO `account_logs` VALUES (293, 10000000, 0, '查询手机设备记录，设备id 7', '223.72.62.61', 1619575449);
INSERT INTO `account_logs` VALUES (294, 10000000, 0, '查看设备状态- 查询条件:设备名称 ,分组id ,关键字 ,设备编码 ,设备时间最小值 ,设备时间最大值 ', '223.72.62.61', 1619575577);
INSERT INTO `account_logs` VALUES (295, 10000000, 0, '查看设备状态- 查询条件:设备名称 ,分组id ,关键字 ,设备编码 ,设备时间最小值 ,设备时间最大值 ', '223.72.62.61', 1619575763);
INSERT INTO `account_logs` VALUES (296, 10000000, 0, '查询手机设备记录，设备id 1', '223.72.62.61', 1619575770);
INSERT INTO `account_logs` VALUES (297, 10000000, 0, '查看设备状态- 查询条件:设备名称 ,分组id ,关键字 ,设备编码 ,设备时间最小值 ,设备时间最大值 ', '223.72.62.61', 1619575869);
INSERT INTO `account_logs` VALUES (298, 10000000, 0, '查询手机设备记录，设备id 9', '223.72.62.61', 1619575885);
INSERT INTO `account_logs` VALUES (299, 10000000, 0, '查询手机设备记录，设备id 9', '223.72.62.61', 1619575888);
INSERT INTO `account_logs` VALUES (300, 10000000, 0, '查看设备状态- 查询条件:设备名称 ,分组id ,关键字 ,设备编码 ,设备时间最小值 ,设备时间最大值 ', '223.72.62.61', 1619575920);
INSERT INTO `account_logs` VALUES (301, 10000000, 0, '查询手机设备记录，设备id 9', '223.72.62.61', 1619575927);
INSERT INTO `account_logs` VALUES (302, 10000000, 0, '查询手机设备记录，设备id 8', '223.72.62.61', 1619575936);
INSERT INTO `account_logs` VALUES (303, 10000000, 0, '查询手机设备记录，设备id 7', '223.72.62.61', 1619576372);
INSERT INTO `account_logs` VALUES (304, 10000000, 0, '查询手机设备记录，设备id 7', '223.72.62.61', 1619576473);
INSERT INTO `account_logs` VALUES (305, 10000000, 0, '查看设备状态- 查询条件:设备名称 ,分组id ,关键字 ,设备编码 ,设备时间最小值 ,设备时间最大值 ', '223.72.62.61', 1619576609);
INSERT INTO `account_logs` VALUES (306, 10000000, 0, '查看设备状态- 查询条件:设备名称 ,分组id ,关键字 ,设备编码 ,设备时间最小值 ,设备时间最大值 ', '223.72.62.61', 1619576612);
INSERT INTO `account_logs` VALUES (307, 10000000, 0, '查看设备状态- 查询条件:设备名称 ,分组id ,关键字 ,设备编码 ,设备时间最小值 ,设备时间最大值 ', '223.72.62.61', 1619576614);
INSERT INTO `account_logs` VALUES (308, 10000000, 0, '查看设备状态- 查询条件:设备名称 ,分组id ,关键字 ,设备编码 ,设备时间最小值 ,设备时间最大值 ', '223.72.62.61', 1619576616);
INSERT INTO `account_logs` VALUES (309, 10000000, 0, '查看设备状态- 查询条件:设备名称 ,分组id ,关键字 ,设备编码 ,设备时间最小值 ,设备时间最大值 ', '223.72.62.61', 1619576653);
INSERT INTO `account_logs` VALUES (310, 10000000, 0, '查询手机设备记录，设备id 7', '223.72.62.61', 1619576656);
INSERT INTO `account_logs` VALUES (311, 10000000, 0, '查看设备状态- 查询条件:设备名称 ,分组id ,关键字 ,设备编码 ,设备时间最小值 ,设备时间最大值 ', '223.72.62.61', 1619576668);
INSERT INTO `account_logs` VALUES (312, 10000000, 0, '查看设备状态- 查询条件:设备名称 ,分组id ,关键字 ,设备编码 ,设备时间最小值 ,设备时间最大值 ', '223.72.62.61', 1619576672);
INSERT INTO `account_logs` VALUES (313, 10000000, 0, '查看设备状态- 查询条件:设备名称 ,分组id ,关键字 ,设备编码 ,设备时间最小值 ,设备时间最大值 ', '223.72.62.61', 1619576677);
INSERT INTO `account_logs` VALUES (314, 10000000, 0, '查询手机设备记录，设备id 1', '223.72.62.61', 1619576681);
INSERT INTO `account_logs` VALUES (315, 10000000, 0, '查询手机设备记录，设备id 1', '223.72.62.61', 1619576685);
INSERT INTO `account_logs` VALUES (316, 10000000, 0, '查看设备状态- 查询条件:设备名称 ,分组id ,关键字 ,设备编码 ,设备时间最小值 ,设备时间最大值 ', '223.72.62.61', 1619576690);
INSERT INTO `account_logs` VALUES (317, 10000000, 0, '查看设备状态- 查询条件:设备名称 ,分组id ,关键字 ,设备编码 ,设备时间最小值 ,设备时间最大值 ', '223.72.62.61', 1619576745);
INSERT INTO `account_logs` VALUES (318, 10000000, 0, '查询手机设备记录，设备id 9', '223.72.62.61', 1619577082);
INSERT INTO `account_logs` VALUES (319, 10000000, 0, '查询权限列表，查询条件：规则名称：,模块名称：,控制器：,方法：', '223.72.62.61', 1619577152);
INSERT INTO `account_logs` VALUES (320, 10000000, 0, '查询管理员列表,查询条件：账号：,名称：,状态：0,关键词：,创建时间最小值：,创建最大时间：', '223.72.62.61', 1619577153);
INSERT INTO `account_logs` VALUES (321, 10000000, 0, '查看设备状态- 查询条件:设备名称 ,分组id ,关键字 ,设备编码 ,设备时间最小值 ,设备时间最大值 ', '223.72.62.61', 1619577155);
INSERT INTO `account_logs` VALUES (322, 10000000, 0, '查看设备状态- 查询条件:设备名称 ,分组id ,关键字 ,设备编码 ,设备时间最小值 ,设备时间最大值 ', '223.72.62.61', 1619577157);
INSERT INTO `account_logs` VALUES (323, 10000000, 0, '查看设备状态- 查询条件:设备名称 ,分组id ,关键字 ,设备编码 ,设备时间最小值 ,设备时间最大值 ', '223.72.62.61', 1619577158);
INSERT INTO `account_logs` VALUES (324, 10000000, 0, '查看设备状态- 查询条件:设备名称 ,分组id ,关键字 ,设备编码 ,设备时间最小值 ,设备时间最大值 ', '223.72.62.61', 1619577160);
INSERT INTO `account_logs` VALUES (325, 10000000, 0, '查看设备状态- 查询条件:设备名称 ,分组id ,关键字 ,设备编码 ,设备时间最小值 ,设备时间最大值 ', '223.72.62.61', 1619577161);
INSERT INTO `account_logs` VALUES (326, 10000000, 0, '查看设备状态- 查询条件:设备名称 ,分组id ,关键字 ,设备编码 ,设备时间最小值 ,设备时间最大值 ', '223.72.62.61', 1619577161);
INSERT INTO `account_logs` VALUES (327, 10000000, 0, '查看设备状态- 查询条件:设备名称 ,分组id ,关键字 ,设备编码 ,设备时间最小值 ,设备时间最大值 ', '223.72.62.61', 1619577163);
INSERT INTO `account_logs` VALUES (328, 10000000, 0, '查看设备状态- 查询条件:设备名称 ,分组id ,关键字 ,设备编码 ,设备时间最小值 ,设备时间最大值 ', '223.72.62.61', 1619577169);
INSERT INTO `account_logs` VALUES (329, 10000000, 0, '查询手机设备记录，设备id 9', '223.72.62.61', 1619577683);
INSERT INTO `account_logs` VALUES (330, 10000000, 0, '查询手机设备记录，设备id 7', '223.72.62.61', 1619577703);
INSERT INTO `account_logs` VALUES (331, 10000000, 0, '查询手机设备记录，设备id 9', '223.72.62.61', 1619577707);
INSERT INTO `account_logs` VALUES (332, 10000000, 0, '查看设备状态- 查询条件:设备名称 ,分组id ,关键字 ,设备编码 ,设备时间最小值 ,设备时间最大值 ', '223.72.62.61', 1619578053);
INSERT INTO `account_logs` VALUES (333, 10000000, 0, '查看设备状态- 查询条件:设备名称 ,分组id ,关键字 ,设备编码 ,设备时间最小值 ,设备时间最大值 ', '223.72.62.61', 1619578096);
INSERT INTO `account_logs` VALUES (334, 10000000, 0, '查看设备状态- 查询条件:设备名称 ,分组id ,关键字 ,设备编码 ,设备时间最小值 ,设备时间最大值 ', '223.72.62.61', 1619578097);
INSERT INTO `account_logs` VALUES (335, 10000000, 0, '查看设备状态- 查询条件:设备名称 ,分组id ,关键字 ,设备编码 ,设备时间最小值 ,设备时间最大值 ', '223.72.62.61', 1619578098);
INSERT INTO `account_logs` VALUES (336, 10000000, 0, '查询手机设备记录，设备id 1', '223.72.62.61', 1619578102);
INSERT INTO `account_logs` VALUES (337, 10000000, 0, '查询手机设备记录，设备id 1', '223.72.62.61', 1619578104);
INSERT INTO `account_logs` VALUES (338, 10000000, 0, '查看设备状态- 查询条件:设备名称 ,分组id ,关键字 ,设备编码 ,设备时间最小值 ,设备时间最大值 ', '223.72.62.61', 1619578107);
INSERT INTO `account_logs` VALUES (339, 10000000, 0, '查询手机设备记录，设备id 7', '223.72.62.61', 1619578111);
INSERT INTO `account_logs` VALUES (340, 10000000, 0, '查看设备状态- 查询条件:设备名称 ,分组id ,关键字 ,设备编码 ,设备时间最小值 ,设备时间最大值 ', '223.72.62.61', 1619578119);
INSERT INTO `account_logs` VALUES (341, 10000000, 0, '查看设备状态- 查询条件:设备名称 ,分组id ,关键字 ,设备编码 ,设备时间最小值 ,设备时间最大值 ', '223.72.62.61', 1619578159);
INSERT INTO `account_logs` VALUES (342, 10000000, 0, '查询手机设备记录，设备id 7', '223.72.62.61', 1619578162);
INSERT INTO `account_logs` VALUES (343, 10000000, 0, '查看设备状态- 查询条件:设备名称 ,分组id ,关键字 ,设备编码 ,设备时间最小值 ,设备时间最大值 ', '223.72.62.61', 1619578283);
INSERT INTO `account_logs` VALUES (344, 10000000, 0, '查看设备状态- 查询条件:设备名称 ,分组id ,关键字 ,设备编码 ,设备时间最小值 ,设备时间最大值 ', '223.72.62.61', 1619578285);
INSERT INTO `account_logs` VALUES (345, 10000000, 0, '查看设备状态- 查询条件:设备名称 ,分组id ,关键字 ,设备编码 ,设备时间最小值 ,设备时间最大值 ', '223.72.62.61', 1619578301);
INSERT INTO `account_logs` VALUES (346, 10000000, 0, '查看设备状态- 查询条件:设备名称 ,分组id ,关键字 ,设备编码 ,设备时间最小值 ,设备时间最大值 ', '223.72.62.61', 1619578813);
INSERT INTO `account_logs` VALUES (347, 10000000, 0, '查看设备状态- 查询条件:设备名称 ,分组id ,关键字 ,设备编码 ,设备时间最小值 ,设备时间最大值 ', '223.72.62.61', 1619579554);
INSERT INTO `account_logs` VALUES (348, 10000000, 0, '查看设备状态- 查询条件:设备名称 ,分组id ,关键字 ,设备编码 ,设备时间最小值 ,设备时间最大值 ', '223.72.62.61', 1619579555);
INSERT INTO `account_logs` VALUES (349, 10000000, 0, '查询手机设备记录，设备id 9', '223.72.62.61', 1619579557);
INSERT INTO `account_logs` VALUES (350, 10000000, 0, '查询手机设备记录，设备id 7', '223.72.62.61', 1619579565);
INSERT INTO `account_logs` VALUES (351, 10000000, 0, '登入系统', '123.112.69.86', 1619580290);
INSERT INTO `account_logs` VALUES (352, 10000000, 0, '首页查看', '123.112.69.86', 1619580290);
INSERT INTO `account_logs` VALUES (353, 10000000, 0, '查询权限列表，查询条件：规则名称：,模块名称：,控制器：,方法：', '123.112.69.86', 1619580295);
INSERT INTO `account_logs` VALUES (354, 10000000, 0, '查询app设备列表，查询条件：设备名称：,设备编码：,设备分组id：,关键字：,注册时间最小值：,注册时间最大值：', '123.112.69.86', 1619580296);
INSERT INTO `account_logs` VALUES (355, 10000000, 0, '查看数据统计-数据总览-设备总览', '123.112.69.86', 1619580297);
INSERT INTO `account_logs` VALUES (356, 10000000, 0, '查看设备状态- 查询条件:设备名称 ,分组id ,关键字 ,设备编码 ,设备时间最小值 ,设备时间最大值 ', '123.112.69.86', 1619580297);
INSERT INTO `account_logs` VALUES (357, 10000000, 0, '查询手机设备记录，设备id 1', '123.112.69.86', 1619580301);
INSERT INTO `account_logs` VALUES (358, 10000000, 0, '查询手机设备记录，设备id 1', '123.112.69.86', 1619580817);
INSERT INTO `account_logs` VALUES (359, 10000000, 0, '查看设备状态- 查询条件:设备名称 ,分组id ,关键字 ,设备编码 ,设备时间最小值 ,设备时间最大值 ', '223.72.62.61', 1619581839);
INSERT INTO `account_logs` VALUES (360, 10000000, 0, '查看设备状态- 查询条件:设备名称 ,分组id ,关键字 ,设备编码 ,设备时间最小值 ,设备时间最大值 ', '223.72.62.61', 1619588724);
INSERT INTO `account_logs` VALUES (361, 10000000, 0, '查询手机设备记录，设备id 7', '223.72.62.61', 1619588728);
INSERT INTO `account_logs` VALUES (362, 10000000, 0, '查询手机设备记录，设备id 1', '223.72.62.61', 1619589449);
INSERT INTO `account_logs` VALUES (363, 10000000, 0, '查看设备状态- 查询条件:设备名称 ,分组id ,关键字 ,设备编码 ,设备时间最小值 ,设备时间最大值 ', '223.72.62.61', 1619591074);
INSERT INTO `account_logs` VALUES (364, 10000000, 0, '查询手机设备记录，设备id 7', '223.72.62.61', 1619591077);
INSERT INTO `account_logs` VALUES (365, 10000000, 0, '查询手机设备记录，设备id 1', '223.72.62.61', 1619591084);
INSERT INTO `account_logs` VALUES (366, 10000000, 0, '查询手机设备记录，设备id 1', '223.72.62.61', 1619591086);
INSERT INTO `account_logs` VALUES (367, 10000000, 0, '查询手机设备记录，设备id 1', '223.72.62.61', 1619591089);
INSERT INTO `account_logs` VALUES (368, 10000000, 0, '查看设备状态- 查询条件:设备名称 ,分组id ,关键字 ,设备编码 ,设备时间最小值 ,设备时间最大值 ', '223.72.62.61', 1619591095);
INSERT INTO `account_logs` VALUES (369, 10000000, 0, '查询手机设备记录，设备id 2', '223.72.62.61', 1619591097);
INSERT INTO `account_logs` VALUES (370, 10000000, 0, '查询手机设备记录，设备id 3', '223.72.62.61', 1619591101);
INSERT INTO `account_logs` VALUES (371, 10000000, 0, '查询手机设备记录，设备id 4', '223.72.62.61', 1619591107);
INSERT INTO `account_logs` VALUES (372, 10000000, 0, '查看设备状态- 查询条件:设备名称 ,分组id ,关键字 ,设备编码 ,设备时间最小值 ,设备时间最大值 ', '223.72.62.61', 1619591124);
INSERT INTO `account_logs` VALUES (373, 10000000, 0, '查看设备状态- 查询条件:设备名称 ,分组id ,关键字 ,设备编码 ,设备时间最小值 ,设备时间最大值 ', '223.72.62.61', 1619591577);
INSERT INTO `account_logs` VALUES (374, 10000000, 0, '查看设备状态- 查询条件:设备名称 ,分组id ,关键字 ,设备编码 ,设备时间最小值 ,设备时间最大值 ', '223.72.62.61', 1619598373);
INSERT INTO `account_logs` VALUES (375, 10000000, 0, '查看设备状态- 查询条件:设备名称 ,分组id ,关键字 ,设备编码 ,设备时间最小值 ,设备时间最大值 ', '223.72.62.61', 1619599184);
INSERT INTO `account_logs` VALUES (376, 10000000, 0, '查询手机设备记录，设备id 7', '223.72.62.61', 1619599186);
INSERT INTO `account_logs` VALUES (377, 10000000, 0, '查看设备状态- 查询条件:设备名称 ,分组id ,关键字 ,设备编码 ,设备时间最小值 ,设备时间最大值 ', '223.72.62.61', 1619599193);
INSERT INTO `account_logs` VALUES (378, 10000000, 0, '查看设备状态- 查询条件:设备名称 ,分组id ,关键字 ,设备编码 ,设备时间最小值 ,设备时间最大值 ', '223.72.62.61', 1619599217);
INSERT INTO `account_logs` VALUES (379, 10000000, 0, '登入系统', '114.253.254.11', 1619599277);
INSERT INTO `account_logs` VALUES (380, 10000000, 0, '首页查看', '114.253.254.11', 1619599277);
INSERT INTO `account_logs` VALUES (381, 10000000, 0, '查看设备状态- 查询条件:设备名称 ,分组id ,关键字 ,设备编码 ,设备时间最小值 ,设备时间最大值 ', '114.253.254.11', 1619599282);
INSERT INTO `account_logs` VALUES (382, 10000000, 0, '查询手机设备记录，设备id 7', '114.253.254.11', 1619599325);
INSERT INTO `account_logs` VALUES (383, 10000000, 0, '查询手机设备记录，设备id 7', '114.253.254.11', 1619599338);
INSERT INTO `account_logs` VALUES (384, 10000000, 0, '查看设备状态- 查询条件:设备名称 ,分组id ,关键字 ,设备编码 ,设备时间最小值 ,设备时间最大值 ', '223.72.62.61', 1619599414);
INSERT INTO `account_logs` VALUES (385, 10000000, 0, '查看设备状态- 查询条件:设备名称 ,分组id ,关键字 ,设备编码 ,设备时间最小值 ,设备时间最大值 ', '223.72.62.61', 1619599416);
INSERT INTO `account_logs` VALUES (386, 10000000, 0, '查看设备状态- 查询条件:设备名称 ,分组id ,关键字 ,设备编码 ,设备时间最小值 ,设备时间最大值 ', '223.72.62.61', 1619599418);
INSERT INTO `account_logs` VALUES (387, 10000000, 0, '查看设备状态- 查询条件:设备名称 ,分组id ,关键字 ,设备编码 ,设备时间最小值 ,设备时间最大值 ', '223.72.62.61', 1619599463);
INSERT INTO `account_logs` VALUES (388, 10000000, 0, '查询手机设备记录，设备id 7', '223.72.62.61', 1619599466);
INSERT INTO `account_logs` VALUES (389, 10000000, 0, '查看设备状态- 查询条件:设备名称 ,分组id ,关键字 ,设备编码 ,设备时间最小值 ,设备时间最大值 ', '223.72.62.61', 1619599469);
INSERT INTO `account_logs` VALUES (390, 10000000, 0, '查询app设备列表，查询条件：设备名称：,设备编码：,设备分组id：,关键字：,注册时间最小值：,注册时间最大值：', '223.72.62.61', 1619599474);
INSERT INTO `account_logs` VALUES (391, 10000000, 0, '编辑手机设备,设备id：9', '223.72.62.61', 1619599491);
INSERT INTO `account_logs` VALUES (392, 10000000, 0, '查询app设备列表，查询条件：设备名称：,设备编码：,设备分组id：,关键字：,注册时间最小值：,注册时间最大值：', '223.72.62.61', 1619599495);
INSERT INTO `account_logs` VALUES (393, 10000000, 0, '编辑手机设备,设备id：5', '223.72.62.61', 1619599508);
INSERT INTO `account_logs` VALUES (394, 10000000, 0, '查询app设备列表，查询条件：设备名称：,设备编码：,设备分组id：,关键字：,注册时间最小值：,注册时间最大值：', '223.72.62.61', 1619599512);
INSERT INTO `account_logs` VALUES (395, 10000000, 0, '删除手机设备,设备id：5', '223.72.62.61', 1619599519);
INSERT INTO `account_logs` VALUES (396, 10000000, 0, '查询app设备列表，查询条件：设备名称：,设备编码：,设备分组id：,关键字：,注册时间最小值：,注册时间最大值：', '223.72.62.61', 1619599520);
INSERT INTO `account_logs` VALUES (397, 10000000, 0, '编辑手机设备,设备id：6', '223.72.62.61', 1619599530);
INSERT INTO `account_logs` VALUES (398, 10000000, 0, '查询app设备列表，查询条件：设备名称：,设备编码：,设备分组id：,关键字：,注册时间最小值：,注册时间最大值：', '223.72.62.61', 1619599532);
INSERT INTO `account_logs` VALUES (399, 10000000, 0, '编辑手机设备,设备id：7', '223.72.62.61', 1619599543);
INSERT INTO `account_logs` VALUES (400, 10000000, 0, '查询app设备列表，查询条件：设备名称：,设备编码：,设备分组id：,关键字：,注册时间最小值：,注册时间最大值：', '223.72.62.61', 1619599545);
INSERT INTO `account_logs` VALUES (401, 10000000, 0, '查询app设备列表，查询条件：设备名称：,设备编码：,设备分组id：,关键字：,注册时间最小值：,注册时间最大值：', '223.72.62.61', 1619599597);
INSERT INTO `account_logs` VALUES (402, 10000000, 0, '查看设备状态- 查询条件:设备名称 ,分组id ,关键字 ,设备编码 ,设备时间最小值 ,设备时间最大值 ', '223.72.62.61', 1619599622);
INSERT INTO `account_logs` VALUES (403, 10000000, 0, '查看设备状态- 查询条件:设备名称 ,分组id ,关键字 ,设备编码 ,设备时间最小值 ,设备时间最大值 ', '114.253.254.11', 1619599624);
INSERT INTO `account_logs` VALUES (404, 10000000, 0, '查询手机设备记录，设备id 8', '223.72.62.61', 1619599625);
INSERT INTO `account_logs` VALUES (405, 10000000, 0, '查询app设备列表，查询条件：设备名称：,设备编码：,设备分组id：,关键字：,注册时间最小值：,注册时间最大值：', '114.253.254.11', 1619599629);
INSERT INTO `account_logs` VALUES (406, 10000000, 0, '查询关注设备，查询条件：设备名称 ,设备编码：,设备分组id：,关注时间最小值:,关注时间最大值：', '223.72.62.61', 1619599631);
INSERT INTO `account_logs` VALUES (407, 10000000, 0, '查询app设备列表，查询条件：设备名称：,设备编码：,设备分组id：,关键字：,注册时间最小值：,注册时间最大值：', '223.72.62.61', 1619599632);
INSERT INTO `account_logs` VALUES (408, 10000000, 0, '删除手机设备,设备id：8', '223.72.62.61', 1619599635);
INSERT INTO `account_logs` VALUES (409, 10000000, 0, '查看设备状态- 查询条件:设备名称 ,分组id ,关键字 ,设备编码 ,设备时间最小值 ,设备时间最大值 ', '114.253.254.11', 1619599636);
INSERT INTO `account_logs` VALUES (410, 10000000, 0, '查询app设备列表，查询条件：设备名称：,设备编码：,设备分组id：,关键字：,注册时间最小值：,注册时间最大值：', '223.72.62.61', 1619599637);
INSERT INTO `account_logs` VALUES (411, 10000000, 0, '查询app设备列表，查询条件：设备名称：,设备编码：,设备分组id：,关键字：,注册时间最小值：,注册时间最大值：', '223.72.62.61', 1619599638);
INSERT INTO `account_logs` VALUES (412, 10000000, 0, '查看设备状态- 查询条件:设备名称 ,分组id ,关键字 ,设备编码 ,设备时间最小值 ,设备时间最大值 ', '223.72.62.61', 1619599642);
INSERT INTO `account_logs` VALUES (413, 10000000, 0, '查看设备状态- 查询条件:设备名称 ,分组id ,关键字 ,设备编码 ,设备时间最小值 ,设备时间最大值 ', '114.253.254.11', 1619599645);
INSERT INTO `account_logs` VALUES (414, 10000000, 0, '查询app设备列表，查询条件：设备名称：,设备编码：,设备分组id：,关键字：,注册时间最小值：,注册时间最大值：', '114.253.254.11', 1619599647);
INSERT INTO `account_logs` VALUES (415, 10000000, 0, '查询手机设备记录，设备id 9', '223.72.62.61', 1619599647);
INSERT INTO `account_logs` VALUES (416, 10000000, 0, '查看设备状态- 查询条件:设备名称 ,分组id ,关键字 ,设备编码 ,设备时间最小值 ,设备时间最大值 ', '223.72.62.61', 1619599659);
INSERT INTO `account_logs` VALUES (417, 10000000, 0, '查看设备状态- 查询条件:设备名称 ,分组id ,关键字 ,设备编码 ,设备时间最小值 ,设备时间最大值 ', '223.72.62.61', 1619599661);
INSERT INTO `account_logs` VALUES (418, 10000000, 0, '查看设备状态- 查询条件:设备名称 ,分组id ,关键字 ,设备编码 ,设备时间最小值 ,设备时间最大值 ', '223.72.62.61', 1619599677);
INSERT INTO `account_logs` VALUES (419, 10000000, 0, '查看设备状态- 查询条件:设备名称 ,分组id ,关键字 ,设备编码 ,设备时间最小值 ,设备时间最大值 ', '223.72.62.61', 1619599679);
INSERT INTO `account_logs` VALUES (420, 10000000, 0, '查看设备状态- 查询条件:设备名称 ,分组id ,关键字 ,设备编码 ,设备时间最小值 ,设备时间最大值 ', '223.72.62.61', 1619599681);
INSERT INTO `account_logs` VALUES (421, 10000000, 0, '查看设备状态- 查询条件:设备名称 ,分组id ,关键字 ,设备编码 ,设备时间最小值 ,设备时间最大值 ', '223.72.62.61', 1619599683);
INSERT INTO `account_logs` VALUES (422, 10000000, 0, '查看设备状态- 查询条件:设备名称 ,分组id ,关键字 ,设备编码 ,设备时间最小值 ,设备时间最大值 ', '114.253.254.11', 1619599728);
INSERT INTO `account_logs` VALUES (423, 10000000, 0, '查询手机设备记录，设备id 7', '114.253.254.11', 1619599732);
INSERT INTO `account_logs` VALUES (424, 10000000, 0, '查看设备状态- 查询条件:设备名称 ,分组id ,关键字 ,设备编码 ,设备时间最小值 ,设备时间最大值 ', '114.253.254.11', 1619599736);
INSERT INTO `account_logs` VALUES (425, 10000000, 0, '查询手机设备记录，设备id 7', '114.253.254.11', 1619599752);
INSERT INTO `account_logs` VALUES (426, 10000000, 0, '查看设备状态- 查询条件:设备名称 ,分组id ,关键字 ,设备编码 ,设备时间最小值 ,设备时间最大值 ', '114.253.254.11', 1619599756);
INSERT INTO `account_logs` VALUES (427, 10000000, 0, '查询手机设备记录，设备id 7', '114.253.254.11', 1619599812);
INSERT INTO `account_logs` VALUES (428, 10000000, 0, '查看设备状态- 查询条件:设备名称 ,分组id ,关键字 ,设备编码 ,设备时间最小值 ,设备时间最大值 ', '114.253.254.11', 1619599874);
INSERT INTO `account_logs` VALUES (429, 10000000, 0, '查看设备状态- 查询条件:设备名称 ,分组id ,关键字 ,设备编码 ,设备时间最小值 ,设备时间最大值 ', '223.72.62.61', 1619599886);
INSERT INTO `account_logs` VALUES (430, 10000000, 0, '查看设备状态- 查询条件:设备名称 ,分组id ,关键字 ,设备编码 ,设备时间最小值 ,设备时间最大值 ', '223.72.62.61', 1619599887);
INSERT INTO `account_logs` VALUES (431, 10000000, 0, '查看设备状态- 查询条件:设备名称 ,分组id ,关键字 ,设备编码 ,设备时间最小值 ,设备时间最大值 ', '223.72.62.61', 1619599890);
INSERT INTO `account_logs` VALUES (432, 10000000, 0, '查看设备状态- 查询条件:设备名称 ,分组id ,关键字 ,设备编码 ,设备时间最小值 ,设备时间最大值 ', '223.72.62.61', 1619599894);
INSERT INTO `account_logs` VALUES (433, 10000000, 0, '查看设备状态- 查询条件:设备名称 ,分组id ,关键字 ,设备编码 ,设备时间最小值 ,设备时间最大值 ', '223.72.62.61', 1619599895);
INSERT INTO `account_logs` VALUES (434, 10000000, 0, '查看设备状态- 查询条件:设备名称 ,分组id ,关键字 ,设备编码 ,设备时间最小值 ,设备时间最大值 ', '223.72.62.61', 1619599896);
INSERT INTO `account_logs` VALUES (435, 10000000, 0, '查看设备状态- 查询条件:设备名称 ,分组id ,关键字 ,设备编码 ,设备时间最小值 ,设备时间最大值 ', '223.72.62.61', 1619599896);
INSERT INTO `account_logs` VALUES (436, 10000000, 0, '查看设备状态- 查询条件:设备名称 ,分组id ,关键字 ,设备编码 ,设备时间最小值 ,设备时间最大值 ', '223.72.62.61', 1619599899);
INSERT INTO `account_logs` VALUES (437, 10000000, 0, '查看设备状态- 查询条件:设备名称 ,分组id ,关键字 ,设备编码 ,设备时间最小值 ,设备时间最大值 ', '223.72.62.61', 1619599906);
INSERT INTO `account_logs` VALUES (438, 10000000, 0, '查询手机设备记录，设备id 7', '114.253.254.11', 1619599934);
INSERT INTO `account_logs` VALUES (439, 10000000, 0, '查看设备状态- 查询条件:设备名称 ,分组id ,关键字 ,设备编码 ,设备时间最小值 ,设备时间最大值 ', '114.253.254.11', 1619600019);
INSERT INTO `account_logs` VALUES (440, 10000000, 0, '查看设备状态- 查询条件:设备名称 ,分组id ,关键字 ,设备编码 ,设备时间最小值 ,设备时间最大值 ', '223.72.62.61', 1619600021);
INSERT INTO `account_logs` VALUES (441, 10000000, 0, '查看设备状态- 查询条件:设备名称 ,分组id ,关键字 ,设备编码 ,设备时间最小值 ,设备时间最大值 ', '223.72.62.61', 1619600076);
INSERT INTO `account_logs` VALUES (442, 10000000, 0, '查询app设备列表，查询条件：设备名称：,设备编码：,设备分组id：,关键字：,注册时间最小值：,注册时间最大值：', '223.72.62.61', 1619600115);
INSERT INTO `account_logs` VALUES (443, 10000000, 0, '查看设备状态- 查询条件:设备名称 ,分组id ,关键字 ,设备编码 ,设备时间最小值 ,设备时间最大值 ', '223.72.62.61', 1619600141);
INSERT INTO `account_logs` VALUES (444, 10000000, 0, '查询手机设备记录，设备id 7', '114.253.254.11', 1619600464);
INSERT INTO `account_logs` VALUES (445, 10000000, 0, '查看设备状态- 查询条件:设备名称 ,分组id ,关键字 ,设备编码 ,设备时间最小值 ,设备时间最大值 ', '114.253.254.11', 1619600502);
INSERT INTO `account_logs` VALUES (446, 10000000, 0, '查询app设备列表，查询条件：设备名称：,设备编码：,设备分组id：,关键字：,注册时间最小值：,注册时间最大值：', '114.253.254.11', 1619600512);
INSERT INTO `account_logs` VALUES (447, 10000000, 0, '首页查看', '114.253.254.11', 1619600521);
INSERT INTO `account_logs` VALUES (448, 10000000, 0, '查看设备状态- 查询条件:设备名称 ,分组id ,关键字 ,设备编码 ,设备时间最小值 ,设备时间最大值 ', '223.72.62.61', 1619600550);
INSERT INTO `account_logs` VALUES (449, 10000000, 0, '查看设备状态- 查询条件:设备名称 ,分组id ,关键字 ,设备编码 ,设备时间最小值 ,设备时间最大值 ', '223.72.62.61', 1619600621);
INSERT INTO `account_logs` VALUES (450, 10000000, 0, '查看设备状态- 查询条件:设备名称 ,分组id ,关键字 ,设备编码 ,设备时间最小值 ,设备时间最大值 ', '223.72.62.61', 1619600680);
INSERT INTO `account_logs` VALUES (451, 10000000, 0, '查看设备状态- 查询条件:设备名称 ,分组id ,关键字 ,设备编码 ,设备时间最小值 ,设备时间最大值 ', '223.72.62.61', 1619600716);
INSERT INTO `account_logs` VALUES (452, 10000000, 0, '查看设备状态- 查询条件:设备名称 ,分组id ,关键字 ,设备编码 ,设备时间最小值 ,设备时间最大值 ', '223.72.62.61', 1619600845);
INSERT INTO `account_logs` VALUES (453, 10000000, 0, '查看设备状态- 查询条件:设备名称 ,分组id ,关键字 ,设备编码 ,设备时间最小值 ,设备时间最大值 ', '223.72.62.61', 1619601069);
INSERT INTO `account_logs` VALUES (454, 10000000, 0, '查看设备状态- 查询条件:设备名称 ,分组id ,关键字 ,设备编码 ,设备时间最小值 ,设备时间最大值 ', '223.72.62.61', 1619601076);
INSERT INTO `account_logs` VALUES (455, 10000000, 0, '查看设备状态- 查询条件:设备名称 ,分组id ,关键字 ,设备编码 ,设备时间最小值 ,设备时间最大值 ', '223.72.62.61', 1619601083);
INSERT INTO `account_logs` VALUES (456, 10000000, 0, '查看设备状态- 查询条件:设备名称 ,分组id ,关键字 ,设备编码 ,设备时间最小值 ,设备时间最大值 ', '223.72.62.61', 1619601363);
INSERT INTO `account_logs` VALUES (457, 10000000, 0, '查看设备状态- 查询条件:设备名称 ,分组id ,关键字 ,设备编码 ,设备时间最小值 ,设备时间最大值 ', '223.72.62.61', 1619601500);
INSERT INTO `account_logs` VALUES (458, 10000000, 0, '查看设备状态- 查询条件:设备名称 ,分组id ,关键字 ,设备编码 ,设备时间最小值 ,设备时间最大值 ', '223.72.62.61', 1619601742);
INSERT INTO `account_logs` VALUES (459, 10000000, 0, '查看设备状态- 查询条件:设备名称 ,分组id ,关键字 ,设备编码 ,设备时间最小值 ,设备时间最大值 ', '223.72.62.61', 1619601744);
INSERT INTO `account_logs` VALUES (460, 10000000, 0, '查询手机设备记录，设备id 9', '223.72.62.61', 1619601747);
INSERT INTO `account_logs` VALUES (461, 10000000, 0, '查询手机设备记录，设备id 7', '223.72.62.61', 1619601753);
INSERT INTO `account_logs` VALUES (462, 10000000, 0, '查询手机设备记录，设备id 1', '223.72.62.61', 1619601761);
INSERT INTO `account_logs` VALUES (463, 10000000, 0, '查询手机设备记录，设备id 7', '223.72.62.61', 1619601772);
INSERT INTO `account_logs` VALUES (464, 10000000, 0, '查看设备状态- 查询条件:设备名称 ,分组id ,关键字 ,设备编码 ,设备时间最小值 ,设备时间最大值 ', '223.72.62.61', 1619601780);
INSERT INTO `account_logs` VALUES (465, 10000000, 0, '查询手机设备记录，设备id 2', '223.72.62.61', 1619601782);
INSERT INTO `account_logs` VALUES (466, 10000000, 0, '查看设备状态- 查询条件:设备名称 ,分组id ,关键字 ,设备编码 ,设备时间最小值 ,设备时间最大值 ', '223.72.62.61', 1619601859);
INSERT INTO `account_logs` VALUES (467, 10000000, 0, '查看设备状态- 查询条件:设备名称 ,分组id ,关键字 ,设备编码 ,设备时间最小值 ,设备时间最大值 ', '223.72.62.61', 1619601862);
INSERT INTO `account_logs` VALUES (468, 10000000, 0, '查看设备状态- 查询条件:设备名称 ,分组id ,关键字 ,设备编码 ,设备时间最小值 ,设备时间最大值 ', '223.72.62.61', 1619601948);
INSERT INTO `account_logs` VALUES (469, 10000000, 0, '查看设备状态- 查询条件:设备名称 ,分组id ,关键字 ,设备编码 ,设备时间最小值 ,设备时间最大值 ', '223.72.62.61', 1619602134);
INSERT INTO `account_logs` VALUES (470, 10000000, 0, '查看设备状态- 查询条件:设备名称 ,分组id ,关键字 ,设备编码 ,设备时间最小值 ,设备时间最大值 ', '223.72.62.61', 1619602134);
INSERT INTO `account_logs` VALUES (471, 10000000, 0, '查看设备状态- 查询条件:设备名称 ,分组id ,关键字 ,设备编码 ,设备时间最小值 ,设备时间最大值 ', '223.72.62.61', 1619602136);
INSERT INTO `account_logs` VALUES (472, 10000000, 0, '查看设备状态- 查询条件:设备名称 ,分组id ,关键字 ,设备编码 ,设备时间最小值 ,设备时间最大值 ', '223.72.62.61', 1619602297);
INSERT INTO `account_logs` VALUES (473, 10000000, 0, '查询手机设备记录，设备id 9', '223.72.62.61', 1619602302);
INSERT INTO `account_logs` VALUES (474, 10000000, 0, '查询手机设备记录，设备id 1', '223.72.62.61', 1619602310);
INSERT INTO `account_logs` VALUES (475, 10000000, 0, '查看设备状态- 查询条件:设备名称 ,分组id ,关键字 ,设备编码 ,设备时间最小值 ,设备时间最大值 ', '223.72.62.61', 1619602470);
INSERT INTO `account_logs` VALUES (476, 10000000, 0, '查看设备状态- 查询条件:设备名称 ,分组id ,关键字 ,设备编码 ,设备时间最小值 ,设备时间最大值 ', '223.72.62.61', 1619602471);
INSERT INTO `account_logs` VALUES (477, 10000000, 0, '登入系统', '223.72.62.61', 1619656899);
INSERT INTO `account_logs` VALUES (478, 10000000, 0, '首页查看', '223.72.62.61', 1619656899);
INSERT INTO `account_logs` VALUES (479, 10000000, 0, '查看设备状态- 查询条件:设备名称 ,分组id ,关键字 ,设备编码 ,设备时间最小值 ,设备时间最大值 ', '223.72.62.61', 1619656902);
INSERT INTO `account_logs` VALUES (480, 10000000, 0, '查看设备状态- 查询条件:设备名称 ,分组id ,关键字 ,设备编码 ,设备时间最小值 ,设备时间最大值 ', '223.72.62.61', 1619657004);
INSERT INTO `account_logs` VALUES (481, 10000000, 0, '查看设备状态- 查询条件:设备名称 ,分组id ,关键字 ,设备编码 ,设备时间最小值 ,设备时间最大值 ', '223.72.62.61', 1619657009);
INSERT INTO `account_logs` VALUES (482, 10000000, 0, '查询手机设备记录，设备id 7', '223.72.62.61', 1619657016);
INSERT INTO `account_logs` VALUES (483, 10000000, 0, '查看设备状态- 查询条件:设备名称 ,分组id ,关键字 ,设备编码 ,设备时间最小值 ,设备时间最大值 ', '223.72.62.61', 1619657026);
INSERT INTO `account_logs` VALUES (484, 10000000, 0, '查看设备状态- 查询条件:设备名称 ,分组id ,关键字 ,设备编码 ,设备时间最小值 ,设备时间最大值 ', '223.72.62.61', 1619657135);
INSERT INTO `account_logs` VALUES (485, 10000000, 0, '查看设备状态- 查询条件:设备名称 ,分组id ,关键字 ,设备编码 ,设备时间最小值 ,设备时间最大值 ', '223.72.62.61', 1619657160);
INSERT INTO `account_logs` VALUES (486, 10000000, 0, '查看设备状态- 查询条件:设备名称 ,分组id ,关键字 ,设备编码 ,设备时间最小值 ,设备时间最大值 ', '223.72.62.61', 1619657169);
INSERT INTO `account_logs` VALUES (487, 10000000, 0, '查看设备状态- 查询条件:设备名称 ,分组id ,关键字 ,设备编码 ,设备时间最小值 ,设备时间最大值 ', '223.72.62.61', 1619657169);
INSERT INTO `account_logs` VALUES (488, 10000000, 0, '查看设备状态- 查询条件:设备名称 ,分组id ,关键字 ,设备编码 ,设备时间最小值 ,设备时间最大值 ', '223.72.62.61', 1619657185);
INSERT INTO `account_logs` VALUES (489, 10000000, 0, '查询手机设备记录，设备id 9', '223.72.62.61', 1619657186);
INSERT INTO `account_logs` VALUES (490, 10000000, 0, '查询手机设备记录，设备id 9', '223.72.62.61', 1619657189);
INSERT INTO `account_logs` VALUES (491, 10000000, 0, '查询手机设备记录，设备id 6', '223.72.62.61', 1619657194);
INSERT INTO `account_logs` VALUES (492, 10000000, 0, '查询手机设备记录，设备id 6', '223.72.62.61', 1619657207);
INSERT INTO `account_logs` VALUES (493, 10000000, 0, '查询手机设备记录，设备id 6', '223.72.62.61', 1619657230);
INSERT INTO `account_logs` VALUES (494, 10000000, 0, '查询手机设备记录，设备id 9', '223.72.62.61', 1619657237);
INSERT INTO `account_logs` VALUES (495, 10000000, 0, '查询手机设备记录，设备id 2', '223.72.62.61', 1619657245);
INSERT INTO `account_logs` VALUES (496, 10000000, 0, '查询手机设备记录，设备id 3', '223.72.62.61', 1619657249);
INSERT INTO `account_logs` VALUES (497, 10000000, 0, '查询手机设备记录，设备id 3', '223.72.62.61', 1619657254);
INSERT INTO `account_logs` VALUES (498, 10000000, 0, '查看设备状态- 查询条件:设备名称 ,分组id ,关键字 ,设备编码 ,设备时间最小值 ,设备时间最大值 ', '223.72.62.61', 1619658384);
INSERT INTO `account_logs` VALUES (499, 10000000, 0, '查看设备状态- 查询条件:设备名称 ,分组id ,关键字 ,设备编码 ,设备时间最小值 ,设备时间最大值 ', '223.72.62.61', 1619660346);
INSERT INTO `account_logs` VALUES (500, 10000000, 0, '查询手机设备记录，设备id 1', '223.72.62.61', 1619660717);
INSERT INTO `account_logs` VALUES (501, 10000000, 0, '查看设备状态- 查询条件:设备名称 ,分组id ,关键字 ,设备编码 ,设备时间最小值 ,设备时间最大值 ', '223.72.62.61', 1619660780);
INSERT INTO `account_logs` VALUES (502, 10000000, 0, '登入系统', '223.72.62.61', 1619660886);
INSERT INTO `account_logs` VALUES (503, 10000000, 0, '首页查看', '223.72.62.61', 1619660886);
INSERT INTO `account_logs` VALUES (504, 10000000, 0, '查看设备状态- 查询条件:设备名称 ,分组id ,关键字 ,设备编码 ,设备时间最小值 ,设备时间最大值 ', '223.72.62.61', 1619660888);
INSERT INTO `account_logs` VALUES (505, 10000000, 0, '查询手机设备记录，设备id 1', '223.72.62.61', 1619660891);
INSERT INTO `account_logs` VALUES (506, 10000000, 0, '登入系统', '127.0.0.1', 1619664015);
INSERT INTO `account_logs` VALUES (507, 10000000, 0, '首页查看', '127.0.0.1', 1619664015);
INSERT INTO `account_logs` VALUES (508, 10000000, 0, '账号退出系统', '127.0.0.1', 1619664128);
INSERT INTO `account_logs` VALUES (509, 10000000, 0, '登入系统', '127.0.0.1', 1619664133);
INSERT INTO `account_logs` VALUES (510, 10000000, 0, '首页查看', '127.0.0.1', 1619664133);
INSERT INTO `account_logs` VALUES (511, 10000000, 0, '账号退出系统', '127.0.0.1', 1619664137);

-- ----------------------------
-- Table structure for account_purview
-- ----------------------------
DROP TABLE IF EXISTS `account_purview`;
CREATE TABLE `account_purview`  (
  `id` int(11) NOT NULL AUTO_INCREMENT,
  `account_id` int(11) NOT NULL DEFAULT 0 COMMENT '管理员id',
  `group_id` int(11) NOT NULL DEFAULT 0 COMMENT '设备所属组id',
  `device_id` int(11) NOT NULL DEFAULT 0 COMMENT '设备id',
  `attention` tinyint(4) NULL DEFAULT 0,
  `add_time` datetime(0) NULL DEFAULT NULL COMMENT '添加时间',
  `upd_time` datetime(0) NULL DEFAULT NULL COMMENT '更新时间',
  PRIMARY KEY (`id`) USING BTREE,
  INDEX `a`(`account_id`, `device_id`) USING BTREE,
  INDEX `b`(`device_id`) USING BTREE,
  INDEX `c`(`account_id`, `attention`) USING BTREE
) ENGINE = MyISAM AUTO_INCREMENT = 1 CHARACTER SET = utf8 COLLATE = utf8_general_ci ROW_FORMAT = Fixed;

-- ----------------------------
-- Table structure for account_purview_line
-- ----------------------------
DROP TABLE IF EXISTS `account_purview_line`;
CREATE TABLE `account_purview_line`  (
  `id` int(11) NOT NULL AUTO_INCREMENT,
  `account_id` int(11) NOT NULL DEFAULT 0 COMMENT '管理员id',
  `device_id` int(11) NOT NULL DEFAULT 0 COMMENT '设备id',
  `line_id` int(11) NOT NULL DEFAULT 0 COMMENT '设备端口id',
  `add_time` datetime(0) NULL DEFAULT NULL COMMENT '添加时间',
  `upd_time` datetime(0) NULL DEFAULT NULL COMMENT '更新时间',
  PRIMARY KEY (`id`) USING BTREE,
  INDEX `a`(`account_id`, `device_id`, `line_id`) USING BTREE,
  INDEX `b`(`device_id`) USING BTREE
) ENGINE = MyISAM AUTO_INCREMENT = 1 CHARACTER SET = utf8 COLLATE = utf8_general_ci ROW_FORMAT = Fixed;

-- ----------------------------
-- Table structure for accounts
-- ----------------------------
DROP TABLE IF EXISTS `accounts`;
CREATE TABLE `accounts`  (
  `id` int(11) NOT NULL AUTO_INCREMENT,
  `name` varchar(250) CHARACTER SET utf8 COLLATE utf8_general_ci NULL DEFAULT NULL COMMENT '姓名',
  `account` varchar(250) CHARACTER SET utf8 COLLATE utf8_general_ci NULL DEFAULT NULL COMMENT '账号',
  `password` varchar(250) CHARACTER SET utf8 COLLATE utf8_general_ci NULL DEFAULT NULL COMMENT '密码',
  `branch` varchar(250) CHARACTER SET utf8 COLLATE utf8_general_ci NULL DEFAULT NULL COMMENT '传真',
  `tel` varchar(250) CHARACTER SET utf8 COLLATE utf8_general_ci NULL DEFAULT NULL COMMENT '电话',
  `email` varchar(250) CHARACTER SET utf8 COLLATE utf8_general_ci NULL DEFAULT NULL COMMENT '邮箱',
  `purview` varchar(250) CHARACTER SET utf8 COLLATE utf8_general_ci NULL DEFAULT NULL COMMENT '账号权限记录',
  `keywords` varchar(999) CHARACTER SET utf8 COLLATE utf8_general_ci NULL DEFAULT NULL COMMENT '关键字',
  `add_time` int(10) NOT NULL DEFAULT 0 COMMENT '注册时间',
  `upd_time` int(10) NULL DEFAULT NULL COMMENT '更新时间',
  `last_time` int(10) NOT NULL DEFAULT 0,
  `login_time` int(10) NOT NULL DEFAULT 0,
  PRIMARY KEY (`id`) USING BTREE,
  INDEX `a`(`account`) USING BTREE,
  INDEX `e`(`keywords`(333)) USING BTREE,
  INDEX `d`(`email`) USING BTREE
) ENGINE = MyISAM AUTO_INCREMENT = 10000003 CHARACTER SET = utf8 COLLATE = utf8_general_ci ROW_FORMAT = Dynamic;

-- ----------------------------
-- Records of accounts
-- ----------------------------
INSERT INTO `accounts` VALUES (10000000, 'admin', 'admin', '8ae3f20a7d5dc2532bfcb2d9701a8f0a', NULL, '', '', NULL, NULL, 1618994088, 1619491704, 1619664134, 1619664133);

-- ----------------------------
-- Table structure for accounts_auth
-- ----------------------------
DROP TABLE IF EXISTS `accounts_auth`;
CREATE TABLE `accounts_auth`  (
  `id` int(11) UNSIGNED NOT NULL AUTO_INCREMENT,
  `account_id` int(10) NOT NULL DEFAULT 0 COMMENT '管理员id',
  `auth_id` int(10) NOT NULL DEFAULT 0 COMMENT '权限id',
  PRIMARY KEY (`id`) USING BTREE
) ENGINE = MyISAM AUTO_INCREMENT = 86 CHARACTER SET = utf8 COLLATE = utf8_general_ci ROW_FORMAT = Fixed;

-- ----------------------------
-- Records of accounts_auth
-- ----------------------------
INSERT INTO `accounts_auth` VALUES (1, 10000000, 8);
INSERT INTO `accounts_auth` VALUES (2, 10000000, 12);
INSERT INTO `accounts_auth` VALUES (3, 10000000, 7);
INSERT INTO `accounts_auth` VALUES (4, 10000000, 6);
INSERT INTO `accounts_auth` VALUES (5, 10000000, 4);
INSERT INTO `accounts_auth` VALUES (6, 10000000, 3);
INSERT INTO `accounts_auth` VALUES (7, 10000000, 2);
INSERT INTO `accounts_auth` VALUES (8, 10000000, 10);
INSERT INTO `accounts_auth` VALUES (9, 10000000, 13);
INSERT INTO `accounts_auth` VALUES (10, 10000000, 14);
INSERT INTO `accounts_auth` VALUES (11, 10000000, 9);
INSERT INTO `accounts_auth` VALUES (12, 10000000, 1);
INSERT INTO `accounts_auth` VALUES (13, 10000000, 11);
INSERT INTO `accounts_auth` VALUES (14, 10000000, 279);
INSERT INTO `accounts_auth` VALUES (15, 10000000, 280);
INSERT INTO `accounts_auth` VALUES (16, 10000000, 281);
INSERT INTO `accounts_auth` VALUES (17, 10000000, 282);
INSERT INTO `accounts_auth` VALUES (18, 10000000, 283);
INSERT INTO `accounts_auth` VALUES (19, 10000000, 284);
INSERT INTO `accounts_auth` VALUES (20, 10000000, 285);
INSERT INTO `accounts_auth` VALUES (21, 10000000, 286);
INSERT INTO `accounts_auth` VALUES (22, 10000000, 287);
INSERT INTO `accounts_auth` VALUES (23, 10000000, 288);
INSERT INTO `accounts_auth` VALUES (24, 10000000, 289);
INSERT INTO `accounts_auth` VALUES (25, 10000000, 290);
INSERT INTO `accounts_auth` VALUES (26, 10000000, 291);
INSERT INTO `accounts_auth` VALUES (27, 10000000, 292);
INSERT INTO `accounts_auth` VALUES (28, 10000000, 293);
INSERT INTO `accounts_auth` VALUES (29, 10000000, 294);
INSERT INTO `accounts_auth` VALUES (30, 10000000, 295);
INSERT INTO `accounts_auth` VALUES (31, 10000000, 296);
INSERT INTO `accounts_auth` VALUES (32, 10000000, 297);
INSERT INTO `accounts_auth` VALUES (33, 10000000, 298);
INSERT INTO `accounts_auth` VALUES (34, 10000000, 299);
INSERT INTO `accounts_auth` VALUES (35, 10000000, 300);
INSERT INTO `accounts_auth` VALUES (36, 10000000, 301);
INSERT INTO `accounts_auth` VALUES (37, 10000000, 302);
INSERT INTO `accounts_auth` VALUES (38, 10000000, 303);
INSERT INTO `accounts_auth` VALUES (39, 10000000, 304);
INSERT INTO `accounts_auth` VALUES (40, 10000000, 305);
INSERT INTO `accounts_auth` VALUES (41, 10000000, 306);
INSERT INTO `accounts_auth` VALUES (42, 10000000, 307);
INSERT INTO `accounts_auth` VALUES (43, 10000000, 308);
INSERT INTO `accounts_auth` VALUES (44, 10000000, 309);
INSERT INTO `accounts_auth` VALUES (45, 10000000, 310);
INSERT INTO `accounts_auth` VALUES (46, 10000000, 311);
INSERT INTO `accounts_auth` VALUES (47, 10000000, 312);
INSERT INTO `accounts_auth` VALUES (48, 10000000, 313);
INSERT INTO `accounts_auth` VALUES (49, 10000000, 314);
INSERT INTO `accounts_auth` VALUES (50, 10000000, 315);
INSERT INTO `accounts_auth` VALUES (51, 10000000, 316);
INSERT INTO `accounts_auth` VALUES (52, 10000000, 317);
INSERT INTO `accounts_auth` VALUES (53, 10000000, 318);
INSERT INTO `accounts_auth` VALUES (54, 10000000, 319);
INSERT INTO `accounts_auth` VALUES (55, 10000000, 320);
INSERT INTO `accounts_auth` VALUES (56, 10000000, 321);
INSERT INTO `accounts_auth` VALUES (57, 10000000, 322);
INSERT INTO `accounts_auth` VALUES (58, 10000000, 323);
INSERT INTO `accounts_auth` VALUES (59, 10000000, 324);
INSERT INTO `accounts_auth` VALUES (60, 10000000, 325);
INSERT INTO `accounts_auth` VALUES (61, 10000000, 326);
INSERT INTO `accounts_auth` VALUES (62, 10000000, 327);
INSERT INTO `accounts_auth` VALUES (63, 10000000, 328);
INSERT INTO `accounts_auth` VALUES (64, 10000000, 329);
INSERT INTO `accounts_auth` VALUES (65, 10000000, 330);
INSERT INTO `accounts_auth` VALUES (66, 10000000, 331);
INSERT INTO `accounts_auth` VALUES (67, 10000000, 332);
INSERT INTO `accounts_auth` VALUES (68, 10000000, 333);
INSERT INTO `accounts_auth` VALUES (69, 10000000, 334);
INSERT INTO `accounts_auth` VALUES (70, 10000000, 335);
INSERT INTO `accounts_auth` VALUES (71, 10000000, 336);
INSERT INTO `accounts_auth` VALUES (72, 10000000, 340);
INSERT INTO `accounts_auth` VALUES (73, 10000000, 341);
INSERT INTO `accounts_auth` VALUES (74, 10000000, 342);
INSERT INTO `accounts_auth` VALUES (75, 10000001, 330);
INSERT INTO `accounts_auth` VALUES (76, 10000001, 322);
INSERT INTO `accounts_auth` VALUES (77, 10000001, 321);
INSERT INTO `accounts_auth` VALUES (78, 10000001, 320);
INSERT INTO `accounts_auth` VALUES (79, 10000001, 319);
INSERT INTO `accounts_auth` VALUES (80, 10000001, 329);
INSERT INTO `accounts_auth` VALUES (81, 10000001, 328);
INSERT INTO `accounts_auth` VALUES (82, 10000001, 327);
INSERT INTO `accounts_auth` VALUES (83, 10000001, 326);
INSERT INTO `accounts_auth` VALUES (84, 10000001, 325);
INSERT INTO `accounts_auth` VALUES (85, 10000001, 279);

-- ----------------------------
-- Table structure for app_shard_file
-- ----------------------------
DROP TABLE IF EXISTS `app_shard_file`;
CREATE TABLE `app_shard_file`  (
  `id` int(11) NOT NULL AUTO_INCREMENT,
  `app_call_id` int(11) NULL DEFAULT NULL COMMENT 'app call_id',
  `shard_count` smallint(5) NULL DEFAULT NULL COMMENT '分片总数',
  `shard_index` smallint(5) NULL DEFAULT NULL COMMENT '分片下标',
  `addtime` datetime(0) NULL DEFAULT NULL,
  `uploaded` tinyint(1) NULL DEFAULT 0 COMMENT '0 未上传完成 1 上传完成',
  `shard_content` mediumblob NULL COMMENT '分片内容',
  PRIMARY KEY (`id`) USING BTREE,
  UNIQUE INDEX `a`(`app_call_id`, `shard_index`) USING BTREE
) ENGINE = InnoDB AUTO_INCREMENT = 69 CHARACTER SET = utf8 COLLATE = utf8_general_ci COMMENT = 'App文件分片上传' ROW_FORMAT = Dynamic;

-- ----------------------------
-- Records of app_shard_file
-- ----------------------------
INSERT INTO `app_shard_file` VALUES (57, 45, 1, 1, '2021-04-24 21:24:17', 0, '');

-- ----------------------------
-- Table structure for app_version
-- ----------------------------
DROP TABLE IF EXISTS `app_version`;
CREATE TABLE `app_version`  (
  `id` int(10) UNSIGNED NOT NULL AUTO_INCREMENT,
  `version` varchar(16) CHARACTER SET utf8 COLLATE utf8_general_ci NOT NULL DEFAULT '' COMMENT '版本号',
  `url` varchar(256) CHARACTER SET utf8 COLLATE utf8_general_ci NOT NULL DEFAULT '',
  `content` text CHARACTER SET utf8 COLLATE utf8_general_ci NOT NULL COMMENT '更新内容',
  `status` tinyint(1) NULL DEFAULT 0 COMMENT '0 关闭 1 开启',
  `add_time` int(10) NOT NULL DEFAULT 0 COMMENT '添加时间',
  `upd_time` int(10) NOT NULL DEFAULT 0 COMMENT '更新时间',
  PRIMARY KEY (`id`) USING BTREE
) ENGINE = InnoDB AUTO_INCREMENT = 2 CHARACTER SET = utf8 COLLATE = utf8_general_ci ROW_FORMAT = Compact;

-- ----------------------------
-- Records of app_version
-- ----------------------------
INSERT INTO `app_version` VALUES (1, 'v.1.0.0', 'http://cdn.xfrec.com/XFVaa_1.0.2.apk', '1.修复部分手机无法正常上传录音问题\r\n2.优化录音列表页面\r\n3.优化了播放录音导致页面显示错误\r\n4.修复了部分bug,提升用户体验。', 1, 0, 0);

-- ----------------------------
-- Table structure for auth_group
-- ----------------------------
DROP TABLE IF EXISTS `auth_group`;
CREATE TABLE `auth_group`  (
  `id` int(11) NOT NULL AUTO_INCREMENT,
  `name` varchar(250) CHARACTER SET utf8 COLLATE utf8_general_ci NULL DEFAULT NULL COMMENT '组名称',
  `add_time` datetime(0) NULL DEFAULT NULL COMMENT '创建组时间',
  `upd_time` datetime(0) NULL DEFAULT NULL COMMENT '更新时间',
  PRIMARY KEY (`id`) USING BTREE,
  INDEX `a`(`name`) USING BTREE
) ENGINE = MyISAM AUTO_INCREMENT = 15 CHARACTER SET = utf8 COLLATE = utf8_general_ci ROW_FORMAT = Dynamic;

-- ----------------------------
-- Records of auth_group
-- ----------------------------
INSERT INTO `auth_group` VALUES (8, '账户管理', '2020-01-06 00:00:00', NULL);
INSERT INTO `auth_group` VALUES (12, '手机管理', '2020-01-06 00:00:00', NULL);
INSERT INTO `auth_group` VALUES (7, '设备管理', '2020-01-06 00:00:00', NULL);
INSERT INTO `auth_group` VALUES (6, '通讯录', '2020-01-06 00:00:00', NULL);
INSERT INTO `auth_group` VALUES (4, 'app数据统计', '2020-01-06 00:00:00', NULL);
INSERT INTO `auth_group` VALUES (3, '数据统计', '2020-01-06 00:00:00', NULL);
INSERT INTO `auth_group` VALUES (2, '我的关注', '2020-01-06 00:00:00', NULL);
INSERT INTO `auth_group` VALUES (10, '语音转写', '2020-01-06 00:00:00', NULL);
INSERT INTO `auth_group` VALUES (13, '手机设备', '2020-01-06 00:00:00', NULL);
INSERT INTO `auth_group` VALUES (14, '记录查询', '2020-01-06 00:00:00', NULL);
INSERT INTO `auth_group` VALUES (9, '设备状态', '2020-01-06 00:00:00', NULL);
INSERT INTO `auth_group` VALUES (1, '首页', '2020-01-06 00:00:00', NULL);
INSERT INTO `auth_group` VALUES (11, '权限管理', '2020-01-06 00:00:00', NULL);

-- ----------------------------
-- Table structure for auth_list
-- ----------------------------
DROP TABLE IF EXISTS `auth_list`;
CREATE TABLE `auth_list`  (
  `id` smallint(6) UNSIGNED NOT NULL AUTO_INCREMENT,
  `app` char(20) CHARACTER SET utf8 COLLATE utf8_general_ci NOT NULL DEFAULT 'Index' COMMENT '应用名称app',
  `model` char(20) CHARACTER SET utf8 COLLATE utf8_general_ci NOT NULL COMMENT '控制器',
  `action` char(20) CHARACTER SET utf8 COLLATE utf8_general_ci NOT NULL COMMENT '操作名称',
  `name` varchar(50) CHARACTER SET utf8 COLLATE utf8_general_ci NOT NULL COMMENT '菜单名称',
  `add_time` int(10) NOT NULL DEFAULT 0 COMMENT '添加规则时间',
  `edit_time` int(10) NOT NULL DEFAULT 0 COMMENT '编辑权限规则时间',
  `group_id` int(11) NULL DEFAULT 0 COMMENT '权限组id',
  PRIMARY KEY (`id`) USING BTREE,
  INDEX `model`(`model`) USING BTREE
) ENGINE = InnoDB AUTO_INCREMENT = 343 CHARACTER SET = utf8 COLLATE = utf8_general_ci COMMENT = '菜单表' ROW_FORMAT = Dynamic;

-- ----------------------------
-- Records of auth_list
-- ----------------------------
INSERT INTO `auth_list` VALUES (279, 'Admin', 'Index', 'Index', '首页', 1528956031, 1577437942, 1);
INSERT INTO `auth_list` VALUES (280, 'Admin', 'Device', 'status', '设备状态', 1528964003, 1528964003, 9);
INSERT INTO `auth_list` VALUES (281, 'Admin', 'Device', 'showLine', '设备端口', 1528964024, 1528964024, 9);
INSERT INTO `auth_list` VALUES (282, 'Admin', 'Device', 'showLog', '设备记录', 1528964034, 1528964034, 9);
INSERT INTO `auth_list` VALUES (283, 'Admin', 'Device', 'setAttention', '关注/取消关注设备', 1530250607, 1530250607, 9);
INSERT INTO `auth_list` VALUES (284, 'Admin', 'Device', 'setLogAttention', '关注/取消关注记录', 1530250625, 1530250625, 9);
INSERT INTO `auth_list` VALUES (285, 'Admin', 'Device', 'SavePortName', '修改端口名称', 1530250639, 1577437961, 9);
INSERT INTO `auth_list` VALUES (286, 'Admin', 'Truncate', 'index', '查看语音转写列表', 1530250718, 1530250718, 10);
INSERT INTO `auth_list` VALUES (287, 'Admin', 'Truncate', 'detail', '查看语音转写详情', 1530250731, 1530250731, 10);
INSERT INTO `auth_list` VALUES (288, 'Admin', 'Truncate', 'log', '查看语音转写日志列表', 1530250743, 1530250743, 10);
INSERT INTO `auth_list` VALUES (289, 'Admin', 'Truncate', 'showtruncate', '语音转写操作', 1530250760, 1530250760, 10);
INSERT INTO `auth_list` VALUES (290, 'Admin', 'Attention', 'index', '查看关注设备列表', 1530250812, 1530250812, 2);
INSERT INTO `auth_list` VALUES (291, 'Admin', 'Attention', 'logList', '查看关注记录列表', 1530250826, 1530250826, 2);
INSERT INTO `auth_list` VALUES (292, 'Admin', 'Data', 'index_devices', '查看设备总览', 1530250868, 1530250868, 3);
INSERT INTO `auth_list` VALUES (293, 'Admin', 'Data', 'index_accounts', '查看账号总览', 1530250878, 1530250878, 3);
INSERT INTO `auth_list` VALUES (294, 'Admin', 'Data', 'index_calls', '查看记录总览', 1530250929, 1530250929, 3);
INSERT INTO `auth_list` VALUES (295, 'Admin', 'Data', 'Statistics', '记录统计', 1530250948, 1530250948, 3);
INSERT INTO `auth_list` VALUES (296, 'Admin', 'Data', 'forms', '报表生成', 1530250961, 1530250961, 3);
INSERT INTO `auth_list` VALUES (297, 'Admin', 'Concat', 'index', '查看联系人列表', 1530250998, 1530250998, 6);
INSERT INTO `auth_list` VALUES (298, 'Admin', 'Concat', 'add', '添加/编辑联系人', 1530251014, 1530251014, 6);
INSERT INTO `auth_list` VALUES (299, 'Admin', 'Concat', 'delete', '删除联系人', 1530251055, 1530251055, 6);
INSERT INTO `auth_list` VALUES (300, 'Admin', 'Concat', 'GroupList', '查看通讯组列表', 1530251069, 1530251069, 6);
INSERT INTO `auth_list` VALUES (301, 'Admin', 'Concat', 'addGroup', '添加/编辑通讯组', 1530251100, 1530251100, 6);
INSERT INTO `auth_list` VALUES (302, 'Admin', 'Concat', 'deleteGroup', '删除通讯组', 1530251114, 1530251114, 6);
INSERT INTO `auth_list` VALUES (303, 'Admin', 'DeviceCT', 'index', '查看设备列表', 1530251147, 1530251147, 7);
INSERT INTO `auth_list` VALUES (304, 'Admin', 'DeviceCT', 'NregIndex', '查看未注册设备列表', 1530251159, 1530251159, 7);
INSERT INTO `auth_list` VALUES (305, 'Admin', 'DeviceCT', 'add', '添加/编辑设备', 1530251182, 1530251182, 7);
INSERT INTO `auth_list` VALUES (306, 'Admin', 'DeviceCT', 'Remove', '删除设备', 1530251196, 1530251196, 7);
INSERT INTO `auth_list` VALUES (307, 'Admin', 'DeviceCT', 'GroupList', '查看设备组列表', 1530251207, 1530251207, 7);
INSERT INTO `auth_list` VALUES (308, 'Admin', 'DeviceCT', 'addGroup', '添加/编辑设备组', 1530251226, 1530251226, 7);
INSERT INTO `auth_list` VALUES (309, 'Admin', 'DeviceCT', 'deleteGroup', '删除设备组', 1530251243, 1530251243, 7);
INSERT INTO `auth_list` VALUES (310, 'Admin', 'Admins', 'index', '查看账号列表', 1530251280, 1530251280, 8);
INSERT INTO `auth_list` VALUES (311, 'Admin', 'Admins', 'add', '添加账号', 1530251294, 1530251294, 8);
INSERT INTO `auth_list` VALUES (312, 'Admin', 'Admins', 'edit', '编辑账号', 1530251305, 1530251305, 8);
INSERT INTO `auth_list` VALUES (313, 'Admin', 'Admins', 'logs', '查看日志列表', 1530251324, 1530251324, 8);
INSERT INTO `auth_list` VALUES (314, 'Admin', 'Admins', 'deleteLog', '删除日志', 1530251335, 1530251335, 8);
INSERT INTO `auth_list` VALUES (315, 'Admin', 'Auth', 'index', '查看权限列表', 1530251361, 1530251361, 11);
INSERT INTO `auth_list` VALUES (316, 'Admin', 'Auth', 'add', '添加权限', 1530251372, 1530251372, 11);
INSERT INTO `auth_list` VALUES (317, 'Admin', 'Auth', 'edit', '编辑权限', 1530251382, 1530251382, 11);
INSERT INTO `auth_list` VALUES (318, 'Admin', 'Auth', 'delete', '删除权限', 1530251407, 1530251407, 11);
INSERT INTO `auth_list` VALUES (319, 'Admin', 'DeviceApp', 'status', '手机设备状态', 1536546864, 1536546864, 12);
INSERT INTO `auth_list` VALUES (320, 'Admin', 'DeviceApp', 'showLogs', '手机设备记录', 1536546884, 1536546884, 12);
INSERT INTO `auth_list` VALUES (321, 'Admin', 'DeviceApp', 'PlayLog', '手机记录播放', 1536546909, 1536546909, 12);
INSERT INTO `auth_list` VALUES (322, 'Admin', 'DeviceApp', 'DownlodLog', '手机记录下载', 1536546930, 1536546930, 12);
INSERT INTO `auth_list` VALUES (323, 'Admin', 'Attention', 'app_index', 'app设备关注', 1536546982, 1536546982, 2);
INSERT INTO `auth_list` VALUES (324, 'Admin', 'Attention', 'app_logList', 'app记录关注', 1536546993, 1536546993, 2);
INSERT INTO `auth_list` VALUES (325, 'Admin', 'DataApp', 'index_devices', 'app数据统计-设备总览', 1536547028, 1536547071, 4);
INSERT INTO `auth_list` VALUES (326, 'Admin', 'DataApp', 'index_accounts', 'app数据统计-账号总览', 1536547039, 1536547081, 4);
INSERT INTO `auth_list` VALUES (327, 'Admin', 'DataApp', 'index_calls', 'app数据统计-记录总览', 1536547049, 1536547086, 4);
INSERT INTO `auth_list` VALUES (328, 'Admin', 'DataApp', 'Statistics', 'app数据统计', 1536547118, 1536547118, 4);
INSERT INTO `auth_list` VALUES (329, 'Admin', 'DataApp', 'forms', 'app报表生成', 1536547131, 1536547131, 4);
INSERT INTO `auth_list` VALUES (330, 'Admin', 'DeviceApp', 'index', 'app设备列表', 1536547159, 1536547159, 12);
INSERT INTO `auth_list` VALUES (331, 'Admin', 'DeviceApp', 'NregIndex', 'app未注册设备列表', 1536547170, 1536547170, 12);
INSERT INTO `auth_list` VALUES (332, 'Admin', 'DeviceApp', 'add', 'app设备添加', 1536547183, 1536547183, 12);
INSERT INTO `auth_list` VALUES (333, 'Admin', 'DeviceApp', 'Remove', 'app设备删除', 1536547345, 1536547345, 12);
INSERT INTO `auth_list` VALUES (334, 'Admin', 'DeviceCall', 'showLogs', '记录查询', 1577253386, 1577437850, 14);
INSERT INTO `auth_list` VALUES (335, 'Admin', 'Device', 'deleteLog', '录音记录删除', 1551248597, 1552032889, 9);
INSERT INTO `auth_list` VALUES (336, 'Admin', 'Concat', 'telToAccount', '客户分配、取消分配', 1585624957, 1585625964, 6);
INSERT INTO `auth_list` VALUES (340, 'Admin', 'Admins', 'delete', '删除账号', 1587016664, 1587016664, 8);
INSERT INTO `auth_list` VALUES (341, 'Admin', 'NoteType', 'Index', '备注类型页面', 1590032152, 1590032152, 14);
INSERT INTO `auth_list` VALUES (342, 'Admin', 'Device', 'DownloadLog', '设备录音下载', 1591599716, 1591599732, 7);

-- ----------------------------
-- Table structure for contact_group
-- ----------------------------
DROP TABLE IF EXISTS `contact_group`;
CREATE TABLE `contact_group`  (
  `id` int(11) NOT NULL AUTO_INCREMENT,
  `name` varchar(250) CHARACTER SET utf8 COLLATE utf8_general_ci NULL DEFAULT NULL COMMENT '组名称',
  `add_time` datetime(0) NULL DEFAULT NULL COMMENT '创建组时间',
  `upd_time` datetime(0) NULL DEFAULT NULL COMMENT '更新时间',
  PRIMARY KEY (`id`) USING BTREE,
  INDEX `a`(`name`) USING BTREE
) ENGINE = MyISAM AUTO_INCREMENT = 1 CHARACTER SET = utf8 COLLATE = utf8_general_ci ROW_FORMAT = Dynamic;

-- ----------------------------
-- Table structure for contact_group_app
-- ----------------------------
DROP TABLE IF EXISTS `contact_group_app`;
CREATE TABLE `contact_group_app`  (
  `id` int(11) NOT NULL AUTO_INCREMENT,
  `name` varchar(250) CHARACTER SET utf8 COLLATE utf8_general_ci NULL DEFAULT NULL COMMENT '组名称',
  `add_time` datetime(0) NULL DEFAULT NULL COMMENT '创建组时间',
  `upd_time` datetime(0) NULL DEFAULT NULL COMMENT '更新时间',
  `app_code` varchar(24) CHARACTER SET utf8 COLLATE utf8_general_ci NULL DEFAULT '' COMMENT 'app 设备编码 手机号',
  PRIMARY KEY (`id`) USING BTREE,
  INDEX `a`(`name`) USING BTREE
) ENGINE = MyISAM AUTO_INCREMENT = 1 CHARACTER SET = utf8 COLLATE = utf8_general_ci ROW_FORMAT = Dynamic;

-- ----------------------------
-- Table structure for contact_remind
-- ----------------------------
DROP TABLE IF EXISTS `contact_remind`;
CREATE TABLE `contact_remind`  (
  `id` int(11) NOT NULL AUTO_INCREMENT,
  `contact_id` int(11) NOT NULL COMMENT '通讯录id',
  `account_id` int(11) NOT NULL COMMENT '账号id',
  `site_url` varchar(64) CHARACTER SET utf8 COLLATE utf8_general_ci NOT NULL COMMENT 'url信息,因每个项目的url都有所不同需要记录此字段',
  `remind_time` datetime(0) NULL DEFAULT NULL COMMENT '回访提醒日期',
  `is_send` tinyint(1) NOT NULL DEFAULT 0 COMMENT '是否通知过，0 未通知，1 已通知，每次更新需要设为0',
  `send_time` varchar(255) CHARACTER SET utf8 COLLATE utf8_general_ci NULL DEFAULT '' COMMENT '提醒信息发送日期，多个以逗号分隔',
  `add_time` datetime(0) NULL DEFAULT NULL COMMENT '创建时间',
  PRIMARY KEY (`id`) USING BTREE
) ENGINE = MyISAM AUTO_INCREMENT = 1 CHARACTER SET = utf8 COLLATE = utf8_general_ci COMMENT = '通讯录回访' ROW_FORMAT = Dynamic;

-- ----------------------------
-- Table structure for contact_source
-- ----------------------------
DROP TABLE IF EXISTS `contact_source`;
CREATE TABLE `contact_source`  (
  `id` int(11) NOT NULL AUTO_INCREMENT,
  `name` varchar(250) CHARACTER SET utf8 COLLATE utf8_general_ci NULL DEFAULT NULL COMMENT '客户来源名称',
  `add_time` datetime(0) NULL DEFAULT NULL COMMENT '创建组时间',
  `upd_time` datetime(0) NULL DEFAULT NULL COMMENT '更新时间',
  PRIMARY KEY (`id`) USING BTREE,
  INDEX `a`(`name`) USING BTREE
) ENGINE = MyISAM AUTO_INCREMENT = 1 CHARACTER SET = utf8 COLLATE = utf8_general_ci COMMENT = '客户来源' ROW_FORMAT = Dynamic;

-- ----------------------------
-- Table structure for contact_stat
-- ----------------------------
DROP TABLE IF EXISTS `contact_stat`;
CREATE TABLE `contact_stat`  (
  `id` int(11) NOT NULL AUTO_INCREMENT,
  `contact_id` int(11) NOT NULL DEFAULT 0 COMMENT '联系人id',
  `comeing` int(11) NULL DEFAULT NULL COMMENT '来电',
  `outgoing` int(11) NULL DEFAULT NULL COMMENT '去电',
  `missed` int(11) NULL DEFAULT NULL COMMENT '未接',
  `videod` int(11) NULL DEFAULT 0 COMMENT '录音',
  `last_time` int(11) NULL DEFAULT NULL COMMENT '时间',
  PRIMARY KEY (`id`) USING BTREE,
  INDEX `a`(`last_time`) USING BTREE,
  INDEX `b`(`contact_id`) USING BTREE
) ENGINE = InnoDB AUTO_INCREMENT = 1 CHARACTER SET = utf8 COLLATE = utf8_general_ci ROW_FORMAT = Dynamic;

-- ----------------------------
-- Table structure for contacts
-- ----------------------------
DROP TABLE IF EXISTS `contacts`;
CREATE TABLE `contacts`  (
  `id` int(11) NOT NULL AUTO_INCREMENT,
  `name` varchar(250) CHARACTER SET utf8 COLLATE utf8_general_ci NULL DEFAULT NULL COMMENT '名称',
  `gender` tinyint(4) NULL DEFAULT NULL,
  `birthday` date NULL DEFAULT NULL,
  `tel1` varchar(250) CHARACTER SET utf8 COLLATE utf8_general_ci NULL DEFAULT NULL COMMENT '电话',
  `tel2` varchar(250) CHARACTER SET utf8 COLLATE utf8_general_ci NULL DEFAULT NULL,
  `tel3` varchar(250) CHARACTER SET utf8 COLLATE utf8_general_ci NULL DEFAULT NULL,
  `group_id` int(11) NULL DEFAULT NULL COMMENT '所属组id',
  `email` varchar(250) CHARACTER SET utf8 COLLATE utf8_general_ci NULL DEFAULT NULL,
  `fax` varchar(250) CHARACTER SET utf8 COLLATE utf8_general_ci NULL DEFAULT NULL,
  `company` varchar(250) CHARACTER SET utf8 COLLATE utf8_general_ci NULL DEFAULT NULL,
  `position` varchar(250) CHARACTER SET utf8 COLLATE utf8_general_ci NULL DEFAULT NULL,
  `country` varchar(250) CHARACTER SET utf8 COLLATE utf8_general_ci NULL DEFAULT NULL,
  `province` varchar(250) CHARACTER SET utf8 COLLATE utf8_general_ci NULL DEFAULT NULL,
  `city` varchar(250) CHARACTER SET utf8 COLLATE utf8_general_ci NULL DEFAULT NULL,
  `address` varchar(250) CHARACTER SET utf8 COLLATE utf8_general_ci NULL DEFAULT NULL,
  `note` varchar(250) CHARACTER SET utf8 COLLATE utf8_general_ci NULL DEFAULT NULL,
  `keywords` varchar(999) CHARACTER SET utf8 COLLATE utf8_general_ci NULL DEFAULT NULL,
  `add_time` datetime(0) NULL DEFAULT NULL,
  `upd_time` datetime(0) NULL DEFAULT NULL,
  `is_dailed` tinyint(4) NULL DEFAULT -1 COMMENT '是否拨过号，-1未拨号，1已拨号,admin账号判断方便',
  `feedback_type` tinyint(4) NULL DEFAULT 1 COMMENT '拨号后的客户意向：1 未选择意向 2 有意向、3无意向和4拒绝',
  `source_id` smallint(6) NULL DEFAULT 0 COMMENT '客户来源id',
  `important_level` tinyint(4) NULL DEFAULT 1 COMMENT '客户重要程度',
  `app_code` varchar(32) CHARACTER SET utf8 COLLATE utf8_general_ci NULL DEFAULT '' COMMENT '手机app的号码',
  `app_group_id` int(10) NULL DEFAULT -1 COMMENT '手机app的客户分组,-1为未分组',
  `letter` char(1) CHARACTER SET utf8 COLLATE utf8_general_ci NULL DEFAULT '' COMMENT '名称按字母分组',
  `app_delete` tinyint(1) NULL DEFAULT 0 COMMENT 'app端删除 0 未删除 1 删除',
  PRIMARY KEY (`id`) USING BTREE,
  INDEX `b`(`group_id`) USING BTREE,
  INDEX `d`(`tel1`) USING BTREE,
  INDEX `e`(`keywords`(333)) USING BTREE,
  INDEX `app_code`(`app_code`) USING BTREE
) ENGINE = MyISAM AUTO_INCREMENT = 27 CHARACTER SET = utf8 COLLATE = utf8_general_ci ROW_FORMAT = Dynamic;

-- ----------------------------
-- Table structure for contacts_to_accounts
-- ----------------------------
DROP TABLE IF EXISTS `contacts_to_accounts`;
CREATE TABLE `contacts_to_accounts`  (
  `id` int(11) NOT NULL AUTO_INCREMENT,
  `contact_id` int(11) NOT NULL COMMENT '通讯录id',
  `account_id` int(11) NOT NULL COMMENT '账号id',
  `is_dailed` tinyint(4) NULL DEFAULT -1 COMMENT '是否拨过号，-1未拨号，1已拨号',
  `call_time` int(10) UNSIGNED NOT NULL DEFAULT 0 COMMENT '拨号时间',
  `call_time_h` int(10) UNSIGNED NOT NULL DEFAULT 0 COMMENT '拨号时间,hour',
  `call_time_d` int(10) UNSIGNED NOT NULL DEFAULT 0 COMMENT '拨号时间,day',
  `call_time_w` int(10) UNSIGNED NOT NULL DEFAULT 0 COMMENT '拨号时间,week',
  `call_time_m` int(10) UNSIGNED NOT NULL DEFAULT 0 COMMENT '拨号时间,month',
  `call_time_y` int(10) UNSIGNED NOT NULL DEFAULT 0 COMMENT '拨号时间,year',
  `feedback_type` tinyint(4) NULL DEFAULT 1 COMMENT '拨号后的客户意向：1 未选择意向 2 有意向、3无意向和4拒绝',
  `add_time` int(10) UNSIGNED NOT NULL DEFAULT 0 COMMENT '添加时间',
  PRIMARY KEY (`id`) USING BTREE,
  UNIQUE INDEX `c_a`(`contact_id`, `account_id`) USING BTREE,
  INDEX `contact_id`(`contact_id`) USING BTREE,
  INDEX `account_id`(`account_id`) USING BTREE
) ENGINE = InnoDB AUTO_INCREMENT = 1 CHARACTER SET = utf8 COLLATE = utf8_general_ci COMMENT = '通讯录分配给账号信息表' ROW_FORMAT = Dynamic;

-- ----------------------------
-- Table structure for device_app_call
-- ----------------------------
DROP TABLE IF EXISTS `device_app_call`;
CREATE TABLE `device_app_call`  (
  `id` mediumint(7) UNSIGNED NOT NULL AUTO_INCREMENT,
  `device_id` mediumint(7) NOT NULL DEFAULT 0 COMMENT '记录对应的手机设备id',
  `type` int(2) NOT NULL DEFAULT 10 COMMENT '通话类型 9 去电 10 来电 11 未接',
  `stime` int(10) NOT NULL DEFAULT 0 COMMENT '录音开始时间',
  `add_time` varchar(255) CHARACTER SET utf8 COLLATE utf8_general_ci NOT NULL DEFAULT '0' COMMENT '记录上传时间',
  `recording_time` varchar(255) CHARACTER SET utf8 COLLATE utf8_general_ci NOT NULL DEFAULT '0' COMMENT '录音时间 单位s',
  `call_time` varchar(255) CHARACTER SET utf8 COLLATE utf8_general_ci NOT NULL DEFAULT '0' COMMENT '通话时间 单位s',
  `contact_id` int(11) NOT NULL DEFAULT 0 COMMENT '如果通话的是联系人 对应联系人id',
  `tel` varchar(50) CHARACTER SET utf8 COLLATE utf8_general_ci NOT NULL DEFAULT '' COMMENT '通话号码',
  `files` tinytext CHARACTER SET utf8 COLLATE utf8_general_ci NULL COMMENT '上传录音文件名称',
  `call_date` int(10) NOT NULL DEFAULT 0 COMMENT '录音时间（通话时间）',
  `note` tinytext CHARACTER SET utf8 COLLATE utf8_general_ci NULL COMMENT '备注',
  `keywords` tinytext CHARACTER SET utf8 COLLATE utf8_general_ci NULL COMMENT '关键词',
  `record_stop_time` varchar(20) CHARACTER SET utf8 COLLATE utf8_general_ci NULL DEFAULT '0' COMMENT '录音停止时间',
  `record_start_time` varchar(20) CHARACTER SET utf8 COLLATE utf8_general_ci NULL DEFAULT '0' COMMENT '录音开始时间',
  `tel_name` varchar(24) CHARACTER SET utf8 COLLATE utf8_general_ci NULL DEFAULT '' COMMENT '手机号码名称',
  `longitude` varchar(24) CHARACTER SET utf8 COLLATE utf8_general_ci NULL DEFAULT '' COMMENT '打电话时位置的经度',
  `latitude` varchar(24) CHARACTER SET utf8 COLLATE utf8_general_ci NULL DEFAULT '' COMMENT '打电话时位置的纬度',
  `location` varchar(128) CHARACTER SET utf8 COLLATE utf8_general_ci NULL DEFAULT '' COMMENT '打电话时位置',
  `yun_files_prefix` varchar(255) CHARACTER SET utf8 COLLATE utf8_general_ci NULL DEFAULT '' COMMENT '阿里云存储的路径的前缀',
  PRIMARY KEY (`id`) USING BTREE,
  INDEX `contact_id`(`contact_id`) USING BTREE
) ENGINE = InnoDB AUTO_INCREMENT = 73 CHARACTER SET = utf8 COLLATE = utf8_general_ci ROW_FORMAT = Dynamic;

-- ----------------------------
-- Table structure for device_app_call_data
-- ----------------------------
DROP TABLE IF EXISTS `device_app_call_data`;
CREATE TABLE `device_app_call_data`  (
  `id` int(10) UNSIGNED NOT NULL AUTO_INCREMENT,
  `comeing` int(10) NOT NULL DEFAULT 0 COMMENT '来定数',
  `outgoing` int(10) NOT NULL DEFAULT 0 COMMENT '去电总数',
  `missed` int(10) NOT NULL DEFAULT 0 COMMENT '未接总数',
  `audio` int(10) NOT NULL DEFAULT 0 COMMENT '音频文件',
  `message` int(10) NOT NULL DEFAULT 0 COMMENT '来电留言',
  `vedio` int(10) NOT NULL DEFAULT 0 COMMENT '现场视频',
  `type` enum('1','0') CHARACTER SET utf8 COLLATE utf8_general_ci NOT NULL DEFAULT '0' COMMENT '1 全部统计 0 按天统计',
  `call_time` int(11) NOT NULL DEFAULT 0 COMMENT '通话时长 单位s',
  `recording_time` int(11) NOT NULL DEFAULT 0 COMMENT '录音时长 单位s',
  `time` datetime(0) NULL DEFAULT NULL COMMENT '统计的天',
  `all` int(10) NOT NULL DEFAULT 0 COMMENT '所有记录',
  `device_id` int(10) NOT NULL DEFAULT 0 COMMENT '设备id  默认所欲',
  PRIMARY KEY (`id`) USING BTREE
) ENGINE = MyISAM AUTO_INCREMENT = 27 CHARACTER SET = utf8 COLLATE = utf8_general_ci ROW_FORMAT = Fixed;

-- ----------------------------
-- Table structure for device_app_call_flag
-- ----------------------------
DROP TABLE IF EXISTS `device_app_call_flag`;
CREATE TABLE `device_app_call_flag`  (
  `id` int(11) NOT NULL AUTO_INCREMENT,
  `device_id` int(11) NOT NULL,
  `account_id` int(4) NULL DEFAULT NULL,
  `call_id` int(4) NULL DEFAULT NULL,
  `add_time` int(11) NULL DEFAULT 0,
  PRIMARY KEY (`id`) USING BTREE,
  INDEX `a`(`account_id`, `add_time`) USING BTREE,
  INDEX `b`(`account_id`, `call_id`) USING BTREE
) ENGINE = MyISAM AUTO_INCREMENT = 1 CHARACTER SET = utf8 COLLATE = utf8_general_ci ROW_FORMAT = Fixed;

-- ----------------------------
-- Table structure for device_app_stat
-- ----------------------------
DROP TABLE IF EXISTS `device_app_stat`;
CREATE TABLE `device_app_stat`  (
  `id` mediumint(7) UNSIGNED NOT NULL AUTO_INCREMENT,
  `device_id` mediumint(7) NOT NULL DEFAULT 0 COMMENT '对应的手机设备id',
  `comeing` mediumint(7) NOT NULL DEFAULT 0 COMMENT '来电统计',
  `outgoing` mediumint(7) NOT NULL DEFAULT 0 COMMENT '去电统计',
  `missed` mediumint(7) NOT NULL DEFAULT 0 COMMENT '未接统计',
  `last_time` int(10) NOT NULL DEFAULT 0 COMMENT '设备最后链接服务器时间',
  `revision` varchar(100) CHARACTER SET utf8 COLLATE utf8_general_ci NULL DEFAULT NULL COMMENT 'app的版本',
  `modeln` varchar(100) CHARACTER SET utf8 COLLATE utf8_general_ci NULL DEFAULT NULL COMMENT '当前手机型号',
  `endtime` varchar(255) CHARACTER SET utf8 COLLATE utf8_general_ci NOT NULL DEFAULT '0' COMMENT '设备到期时间',
  `onlineType` varchar(255) CHARACTER SET utf8 COLLATE utf8_general_ci NULL DEFAULT NULL,
  PRIMARY KEY (`id`) USING BTREE
) ENGINE = InnoDB AUTO_INCREMENT = 13 CHARACTER SET = utf8 COLLATE = utf8_general_ci ROW_FORMAT = Dynamic;

-- ----------------------------
-- Table structure for device_call
-- ----------------------------
DROP TABLE IF EXISTS `device_call`;
CREATE TABLE `device_call`  (
  `id` int(11) NOT NULL AUTO_INCREMENT,
  `device_id` int(11) NOT NULL COMMENT '设备id',
  `line_id` int(11) UNSIGNED NOT NULL COMMENT '端口code编码',
  `type` tinyint(4) NULL DEFAULT NULL COMMENT '类型 3=提机拨号,4=拨号内容,5=来电振铃,6=开始录音,7=来电接听,8=去电挂机/接听完毕,10表示来电  9表示去电,11=未接来电,14=来电号码  50=现场视频',
  `add_time` int(11) NOT NULL DEFAULT 0 COMMENT '时间',
  `recording_time` int(11) NULL DEFAULT 0 COMMENT '录音时间',
  `call_time` int(11) NULL DEFAULT 0 COMMENT '通话时间',
  `tel` varchar(32) CHARACTER SET utf8 COLLATE utf8_general_ci NULL DEFAULT NULL COMMENT '监听电话',
  `files` varchar(100) CHARACTER SET utf8 COLLATE utf8_general_ci NULL DEFAULT NULL COMMENT '存储文件位置',
  `call_date` varchar(32) CHARACTER SET utf8 COLLATE utf8_general_ci NULL DEFAULT NULL COMMENT '监测日期',
  `line` int(10) NOT NULL DEFAULT 0 COMMENT '端口的真正id',
  `score` enum('5','4','3','2','1','0') CHARACTER SET utf8 COLLATE utf8_general_ci NOT NULL DEFAULT '0' COMMENT '记录评分 0-5分',
  `callnotes` varchar(255) CHARACTER SET utf8 COLLATE utf8_general_ci NULL DEFAULT NULL COMMENT '备注',
  `callid` varchar(32) CHARACTER SET utf8 COLLATE utf8_general_ci NULL DEFAULT '',
  PRIMARY KEY (`id`, `device_id`, `add_time`) USING BTREE,
  INDEX `a`(`device_id`, `line_id`, `type`, `add_time`) USING BTREE,
  INDEX `f`(`device_id`, `type`, `add_time`) USING BTREE,
  INDEX `b`(`device_id`, `line_id`, `add_time`) USING BTREE,
  INDEX `e`(`device_id`, `add_time`, `line_id`) USING BTREE,
  INDEX `c`(`line`) USING BTREE
) ENGINE = MyISAM AUTO_INCREMENT = 1 CHARACTER SET = utf8 COLLATE = utf8_general_ci ROW_FORMAT = Dynamic;

-- ----------------------------
-- Table structure for device_call_alert
-- ----------------------------
DROP TABLE IF EXISTS `device_call_alert`;
CREATE TABLE `device_call_alert`  (
  `id` int(10) NOT NULL AUTO_INCREMENT,
  `device_id` int(11) NOT NULL COMMENT '设备id',
  `line_id` int(11) NOT NULL DEFAULT 0 COMMENT '端口号',
  `create_time` int(11) NOT NULL COMMENT '创建时间',
  `tel` varchar(32) CHARACTER SET utf8 COLLATE utf8_general_ci NOT NULL DEFAULT '' COMMENT '电话号码',
  `call_date` datetime(0) NULL DEFAULT NULL COMMENT '来电时间',
  `device_code` varchar(32) CHARACTER SET utf8 COLLATE utf8_general_ci NOT NULL DEFAULT '' COMMENT '设备编码',
  `popuped` tinyint(4) NULL DEFAULT 0 COMMENT '是否弹出过 0 未弹出， 1 已经弹出',
  PRIMARY KEY (`id`) USING BTREE,
  INDEX `add_time`(`create_time`) USING BTREE
) ENGINE = InnoDB AUTO_INCREMENT = 1 CHARACTER SET = utf8 COLLATE = utf8_general_ci COMMENT = '来电需要弹屏的记录，event type 14 （来电弹屏功能）' ROW_FORMAT = Dynamic;

-- ----------------------------
-- Table structure for device_call_data
-- ----------------------------
DROP TABLE IF EXISTS `device_call_data`;
CREATE TABLE `device_call_data`  (
  `id` int(10) UNSIGNED NOT NULL AUTO_INCREMENT,
  `comeing` int(10) NOT NULL DEFAULT 0 COMMENT '来定数',
  `comeing_time` int(11) NOT NULL DEFAULT 0 COMMENT '来电时长',
  `outgoing` int(10) NOT NULL DEFAULT 0 COMMENT '去电总数',
  `outgoing_time` int(11) NOT NULL DEFAULT 0 COMMENT '去电时长',
  `missed` int(10) NOT NULL DEFAULT 0 COMMENT '未接总数',
  `audio` int(10) NOT NULL DEFAULT 0 COMMENT '音频文件',
  `message` int(10) NOT NULL DEFAULT 0 COMMENT '来电留言',
  `vedio` int(10) NOT NULL DEFAULT 0 COMMENT '现场视频',
  `type` enum('1','0') CHARACTER SET utf8 COLLATE utf8_general_ci NOT NULL DEFAULT '0' COMMENT '1 全部统计 0 按天统计',
  `call_time` int(11) NOT NULL DEFAULT 0 COMMENT '通话时长 单位s',
  `recording_time` int(11) NOT NULL DEFAULT 0 COMMENT '录音时长 单位s',
  `time` datetime(0) NULL DEFAULT NULL COMMENT '统计的天',
  `all` int(10) NOT NULL DEFAULT 0 COMMENT '所有记录',
  `device_id` int(10) NOT NULL DEFAULT 0 COMMENT '设备id  默认所欲',
  PRIMARY KEY (`id`) USING BTREE
) ENGINE = MyISAM AUTO_INCREMENT = 23981 CHARACTER SET = utf8 COLLATE = utf8_general_ci ROW_FORMAT = Fixed;

-- ----------------------------
-- Table structure for device_call_flag
-- ----------------------------
DROP TABLE IF EXISTS `device_call_flag`;
CREATE TABLE `device_call_flag`  (
  `id` int(11) NOT NULL AUTO_INCREMENT,
  `device_id` int(11) NOT NULL,
  `line_id` int(11) NOT NULL,
  `account_id` int(4) NULL DEFAULT NULL,
  `call_id` int(4) NULL DEFAULT NULL,
  `add_time` int(11) NULL DEFAULT 0,
  PRIMARY KEY (`id`) USING BTREE,
  INDEX `a`(`account_id`, `add_time`) USING BTREE,
  INDEX `b`(`account_id`, `call_id`) USING BTREE
) ENGINE = MyISAM AUTO_INCREMENT = 1 CHARACTER SET = utf8 COLLATE = utf8_general_ci ROW_FORMAT = Fixed;

-- ----------------------------
-- Table structure for device_call_text
-- ----------------------------
DROP TABLE IF EXISTS `device_call_text`;
CREATE TABLE `device_call_text`  (
  `id` int(11) NOT NULL AUTO_INCREMENT,
  `device_call_id` int(11) NOT NULL COMMENT '关联的device_call 文件id',
  `content` text CHARACTER SET utf8 COLLATE utf8_general_ci NULL COMMENT '文字描述',
  `time` int(11) NOT NULL DEFAULT 0 COMMENT '转写时间',
  PRIMARY KEY (`id`) USING BTREE
) ENGINE = InnoDB AUTO_INCREMENT = 1 CHARACTER SET = utf8 COLLATE = utf8_general_ci ROW_FORMAT = Dynamic;

-- ----------------------------
-- Table structure for device_call_text_hanyun
-- ----------------------------
DROP TABLE IF EXISTS `device_call_text_hanyun`;
CREATE TABLE `device_call_text_hanyun`  (
  `id` int(11) NOT NULL AUTO_INCREMENT,
  `device_call_id` int(11) NOT NULL COMMENT '关联的device_call 文件id',
  `content` text CHARACTER SET utf8 COLLATE utf8_general_ci NULL COMMENT '文字描述',
  `upload_time` int(11) NOT NULL DEFAULT 0 COMMENT '转写时间',
  `status` enum('0','1') CHARACTER SET utf8 COLLATE utf8_general_ci NOT NULL DEFAULT '0' COMMENT '0 已经上传 没有转换 1已经转换成功',
  `truncate_time` int(10) NULL DEFAULT NULL COMMENT '转换文字的时间',
  `uid` varchar(20) CHARACTER SET utf8 COLLATE utf8_general_ci NOT NULL DEFAULT '0' COMMENT '唯一识别码',
  `type` enum('0','1') CHARACTER SET utf8 COLLATE utf8_general_ci NOT NULL DEFAULT '0' COMMENT '0 设备转写 1 app转写',
  PRIMARY KEY (`id`) USING BTREE
) ENGINE = InnoDB AUTO_INCREMENT = 1 CHARACTER SET = utf8 COLLATE = utf8_general_ci ROW_FORMAT = Dynamic;

-- ----------------------------
-- Table structure for device_case
-- ----------------------------
DROP TABLE IF EXISTS `device_case`;
CREATE TABLE `device_case`  (
  `id` int(11) NOT NULL AUTO_INCREMENT,
  `device_id` int(11) NOT NULL,
  `line_id` int(11) NULL DEFAULT NULL,
  `type` tinyint(4) NULL DEFAULT NULL,
  `add_time` int(11) NULL DEFAULT 0,
  `content` text CHARACTER SET utf8 COLLATE utf8_general_ci NULL,
  PRIMARY KEY (`id`) USING BTREE,
  INDEX `a`(`device_id`, `add_time`) USING BTREE,
  INDEX `b`(`device_id`, `type`, `add_time`) USING BTREE
) ENGINE = MyISAM AUTO_INCREMENT = 1 CHARACTER SET = utf8 COLLATE = utf8_general_ci ROW_FORMAT = Dynamic;

-- ----------------------------
-- Table structure for device_group
-- ----------------------------
DROP TABLE IF EXISTS `device_group`;
CREATE TABLE `device_group`  (
  `id` int(11) NOT NULL AUTO_INCREMENT,
  `name` varchar(250) CHARACTER SET utf8 COLLATE utf8_general_ci NULL DEFAULT NULL,
  `add_time` datetime(0) NULL DEFAULT NULL,
  `upd_time` datetime(0) NULL DEFAULT NULL,
  PRIMARY KEY (`id`) USING BTREE
) ENGINE = MyISAM AUTO_INCREMENT = 2 CHARACTER SET = utf8 COLLATE = utf8_general_ci ROW_FORMAT = Dynamic;

-- ----------------------------
-- Table structure for device_line
-- ----------------------------
DROP TABLE IF EXISTS `device_line`;
CREATE TABLE `device_line`  (
  `id` int(11) NOT NULL AUTO_INCREMENT,
  `device_id` int(11) NOT NULL DEFAULT 0,
  `code` int(11) NOT NULL DEFAULT 0,
  `PortName` varchar(250) CHARACTER SET utf8 COLLATE utf8_general_ci NULL DEFAULT NULL,
  `case_type` tinyint(4) NULL DEFAULT NULL,
  `tel` varchar(250) CHARACTER SET utf8 COLLATE utf8_general_ci NULL DEFAULT NULL,
  `voltage` varchar(250) CHARACTER SET utf8 COLLATE utf8_general_ci NULL DEFAULT NULL,
  `comeing` int(11) NOT NULL DEFAULT 0,
  `outgoing` int(11) NOT NULL DEFAULT 0,
  `case` int(11) NOT NULL DEFAULT 0,
  `missed` int(11) NOT NULL DEFAULT 0,
  `videod` int(11) NULL DEFAULT 0,
  `last_status` tinyint(4) NULL DEFAULT NULL,
  `last_time` int(11) NOT NULL DEFAULT 0,
  PRIMARY KEY (`id`) USING BTREE,
  INDEX `a`(`device_id`, `code`) USING BTREE
) ENGINE = InnoDB AUTO_INCREMENT = 1 CHARACTER SET = utf8 COLLATE = utf8_general_ci ROW_FORMAT = Dynamic;

-- ----------------------------
-- Table structure for device_line_stmp
-- ----------------------------
DROP TABLE IF EXISTS `device_line_stmp`;
CREATE TABLE `device_line_stmp`  (
  `id` int(10) UNSIGNED NOT NULL AUTO_INCREMENT,
  `device_id` int(10) NOT NULL DEFAULT 0 COMMENT '设备id',
  `line` varchar(10) CHARACTER SET utf8 COLLATE utf8_general_ci NOT NULL DEFAULT '' COMMENT '端口code',
  `time` int(11) NOT NULL DEFAULT 0 COMMENT '邮件发送时间',
  PRIMARY KEY (`id`) USING BTREE
) ENGINE = InnoDB AUTO_INCREMENT = 1 CHARACTER SET = utf8 COLLATE = utf8_general_ci ROW_FORMAT = Dynamic;

-- ----------------------------
-- Table structure for device_stat
-- ----------------------------
DROP TABLE IF EXISTS `device_stat`;
CREATE TABLE `device_stat`  (
  `id` int(11) NOT NULL AUTO_INCREMENT,
  `device_id` int(11) NOT NULL,
  `comeing` int(11) NULL DEFAULT 0,
  `outgoing` int(11) NULL DEFAULT 0,
  `case` int(11) NULL DEFAULT 0,
  `missed` int(11) NULL DEFAULT 0,
  `videod` int(11) NULL DEFAULT 0,
  `last_time` int(11) NULL DEFAULT NULL,
  `device_time` datetime(0) NULL DEFAULT NULL,
  `Version` varchar(250) CHARACTER SET utf8 COLLATE utf8_general_ci NULL DEFAULT NULL,
  `CPU` varchar(250) CHARACTER SET utf8 COLLATE utf8_general_ci NULL DEFAULT NULL,
  `TotalStore` varchar(250) CHARACTER SET utf8 COLLATE utf8_general_ci NULL DEFAULT NULL,
  `TotalFreeStore` varchar(250) CHARACTER SET utf8 COLLATE utf8_general_ci NULL DEFAULT NULL,
  `TotalMem` varchar(250) CHARACTER SET utf8 COLLATE utf8_general_ci NULL DEFAULT NULL,
  `TotalFreeMem` varchar(250) CHARACTER SET utf8 COLLATE utf8_general_ci NULL DEFAULT NULL,
  `IP` varchar(250) CHARACTER SET utf8 COLLATE utf8_general_ci NULL DEFAULT NULL,
  `update_time` int(11) NULL DEFAULT NULL,
  `update_file` varchar(250) CHARACTER SET utf8 COLLATE utf8_general_ci NULL DEFAULT NULL,
  PRIMARY KEY (`id`) USING BTREE,
  INDEX `a`(`last_time`) USING BTREE,
  INDEX `b`(`device_id`) USING BTREE
) ENGINE = InnoDB AUTO_INCREMENT = 11 CHARACTER SET = utf8 COLLATE = utf8_general_ci ROW_FORMAT = Dynamic;

-- ----------------------------
-- Records of device_stat
-- ----------------------------
INSERT INTO `device_stat` VALUES (1, 1, 0, 0, 0, 0, 0, NULL, NULL, NULL, NULL, NULL, NULL, NULL, NULL, NULL, NULL, NULL);
INSERT INTO `device_stat` VALUES (2, 2, 0, 0, 0, 0, 0, NULL, NULL, NULL, NULL, NULL, NULL, NULL, NULL, NULL, NULL, NULL);
INSERT INTO `device_stat` VALUES (3, 3, 0, 0, 0, 0, 0, NULL, NULL, NULL, NULL, NULL, NULL, NULL, NULL, NULL, NULL, NULL);
INSERT INTO `device_stat` VALUES (4, 4, 0, 0, 0, 0, 0, NULL, NULL, NULL, NULL, NULL, NULL, NULL, NULL, NULL, NULL, NULL);
INSERT INTO `device_stat` VALUES (5, 5, 0, 0, 0, 0, 0, NULL, NULL, NULL, NULL, NULL, NULL, NULL, NULL, NULL, NULL, NULL);
INSERT INTO `device_stat` VALUES (6, 6, 0, 0, 0, 0, 0, NULL, NULL, NULL, NULL, NULL, NULL, NULL, NULL, NULL, NULL, NULL);
INSERT INTO `device_stat` VALUES (7, 7, 0, 0, 0, 0, 0, NULL, NULL, NULL, NULL, NULL, NULL, NULL, NULL, NULL, NULL, NULL);
INSERT INTO `device_stat` VALUES (8, 8, 0, 0, 0, 0, 0, NULL, NULL, NULL, NULL, NULL, NULL, NULL, NULL, NULL, NULL, NULL);
INSERT INTO `device_stat` VALUES (9, 9, 0, 0, 0, 0, 0, NULL, NULL, NULL, NULL, NULL, NULL, NULL, NULL, NULL, NULL, NULL);
INSERT INTO `device_stat` VALUES (10, 10, 0, 0, 0, 0, 0, NULL, NULL, NULL, NULL, NULL, NULL, NULL, NULL, NULL, NULL, NULL);

-- ----------------------------
-- Table structure for device_stmp
-- ----------------------------
DROP TABLE IF EXISTS `device_stmp`;
CREATE TABLE `device_stmp`  (
  `id` int(10) UNSIGNED NOT NULL AUTO_INCREMENT,
  `device_id` int(10) NOT NULL DEFAULT 0,
  `time` int(11) NOT NULL DEFAULT 0,
  PRIMARY KEY (`id`) USING BTREE
) ENGINE = InnoDB AUTO_INCREMENT = 1 CHARACTER SET = utf8 COLLATE = utf8_general_ci ROW_FORMAT = Dynamic;

-- ----------------------------
-- Table structure for devices
-- ----------------------------
DROP TABLE IF EXISTS `devices`;
CREATE TABLE `devices`  (
  `id` int(11) NOT NULL AUTO_INCREMENT,
  `name` varchar(250) CHARACTER SET utf8 COLLATE utf8_general_ci NULL DEFAULT NULL,
  `code` varchar(250) CHARACTER SET utf8 COLLATE utf8_general_ci NULL DEFAULT NULL,
  `line` int(11) NOT NULL DEFAULT 0,
  `group_id` int(11) NOT NULL DEFAULT 0,
  `registered` tinyint(4) NULL DEFAULT 0,
  `closed` tinyint(4) NULL DEFAULT 0,
  `keywords` varchar(250) CHARACTER SET utf8 COLLATE utf8_general_ci NULL DEFAULT NULL,
  `add_time` datetime(0) NULL DEFAULT NULL,
  `upd_time` datetime(0) NULL DEFAULT NULL,
  `type` tinyint(1) NOT NULL DEFAULT 0 COMMENT '0 客户端设备 1 手机',
  PRIMARY KEY (`id`) USING BTREE,
  INDEX `a`(`code`) USING BTREE,
  INDEX `b`(`group_id`) USING BTREE,
  INDEX `c`(`registered`, `closed`) USING BTREE
) ENGINE = InnoDB AUTO_INCREMENT = 1 CHARACTER SET = utf8 COLLATE = utf8_general_ci ROW_FORMAT = Dynamic;

-- ----------------------------
-- Table structure for devices_app
-- ----------------------------
DROP TABLE IF EXISTS `devices_app`;
CREATE TABLE `devices_app`  (
  `id` mediumint(7) UNSIGNED NOT NULL AUTO_INCREMENT,
  `name` varchar(32) CHARACTER SET utf8 COLLATE utf8_general_ci NOT NULL DEFAULT '暂无名称' COMMENT '手机设备对应别名',
  `code` varchar(11) CHARACTER SET utf8 COLLATE utf8_general_ci NOT NULL DEFAULT ' ' COMMENT '手机号 唯一识别码',
  `group_id` int(11) NOT NULL DEFAULT 0 COMMENT '所属分组',
  `registered` enum('1','0') CHARACTER SET utf8 COLLATE utf8_unicode_ci NOT NULL DEFAULT '0' COMMENT '设备是否注册 0 未注册',
  `closed` enum('1','0') CHARACTER SET utf8 COLLATE utf8_general_ci NOT NULL DEFAULT '0' COMMENT '是否删除 1 删除',
  `keywords` varchar(255) CHARACTER SET utf8 COLLATE utf8_general_ci NOT NULL COMMENT '关键词',
  `add_time` varbinary(255) NOT NULL DEFAULT 0 COMMENT '注册时间',
  `upd_time` varchar(255) CHARACTER SET utf8 COLLATE utf8_general_ci NOT NULL DEFAULT '0' COMMENT '跟新时间',
  `onlineStatus` varchar(255) CHARACTER SET utf8 COLLATE utf8_general_ci NULL DEFAULT NULL,
  `onlineType` varchar(255) CHARACTER SET utf8 COLLATE utf8_general_ci NULL DEFAULT NULL,
  PRIMARY KEY (`id`) USING BTREE
) ENGINE = InnoDB AUTO_INCREMENT = 11 CHARACTER SET = utf8 COLLATE = utf8_general_ci ROW_FORMAT = Dynamic;

-- ----------------------------
-- Table structure for receive_account
-- ----------------------------
DROP TABLE IF EXISTS `receive_account`;
CREATE TABLE `receive_account`  (
  `id` int(11) NOT NULL AUTO_INCREMENT,
  `account_id` int(11) NOT NULL,
  `account_name` varchar(250) CHARACTER SET utf8 COLLATE utf8_general_ci NULL DEFAULT NULL,
  `account_login` varchar(250) CHARACTER SET utf8 COLLATE utf8_general_ci NULL DEFAULT NULL,
  `add_time` datetime(0) NULL DEFAULT NULL,
  `upd_time` datetime(0) NULL DEFAULT NULL,
  PRIMARY KEY (`id`) USING BTREE,
  INDEX `a`(`account_id`) USING BTREE
) ENGINE = MyISAM AUTO_INCREMENT = 1 CHARACTER SET = utf8 COLLATE = utf8_general_ci ROW_FORMAT = Dynamic;

-- ----------------------------
-- Table structure for receive_logs
-- ----------------------------
DROP TABLE IF EXISTS `receive_logs`;
CREATE TABLE `receive_logs`  (
  `id` int(11) NOT NULL AUTO_INCREMENT,
  `account_id` int(11) NOT NULL,
  `content` varchar(250) CHARACTER SET utf8 COLLATE utf8_general_ci NULL DEFAULT NULL,
  `ip` varchar(250) CHARACTER SET utf8 COLLATE utf8_general_ci NULL DEFAULT NULL,
  `utime` int(11) NULL DEFAULT NULL,
  `log_time` int(11) NULL DEFAULT NULL,
  PRIMARY KEY (`id`) USING BTREE,
  INDEX `a`(`account_id`, `utime`) USING BTREE
) ENGINE = MyISAM AUTO_INCREMENT = 1 CHARACTER SET = utf8 COLLATE = utf8_general_ci ROW_FORMAT = Dynamic;

-- ----------------------------
-- Table structure for truncate_log
-- ----------------------------
DROP TABLE IF EXISTS `truncate_log`;
CREATE TABLE `truncate_log`  (
  `id` int(11) NOT NULL AUTO_INCREMENT,
  `time` int(11) NOT NULL DEFAULT 0 COMMENT '转换时间',
  `account_id` int(11) NOT NULL DEFAULT 0 COMMENT '转换的管理员id',
  `device_call_id` int(11) NOT NULL DEFAULT 0 COMMENT '转换的录音id',
  `file` varchar(255) CHARACTER SET utf8 COLLATE utf8_general_ci NOT NULL DEFAULT '' COMMENT '转换的录音文件',
  `status` int(1) NOT NULL DEFAULT 0 COMMENT '0 失败 1 成功',
  `content_id` int(11) NOT NULL DEFAULT 0 COMMENT '对应的转换结果id',
  PRIMARY KEY (`id`) USING BTREE
) ENGINE = InnoDB AUTO_INCREMENT = 1 CHARACTER SET = utf8 COLLATE = utf8_general_ci ROW_FORMAT = Dynamic;

-- ----------------------------
-- Table structure for ws_connect_config
-- ----------------------------
DROP TABLE IF EXISTS `ws_connect_config`;
CREATE TABLE `ws_connect_config`  (
  `id` int(11) NOT NULL AUTO_INCREMENT,
  `account_id` int(11) NOT NULL COMMENT '账号id',
  `ws_address` varchar(32) CHARACTER SET utf8 COLLATE utf8_general_ci NOT NULL COMMENT '地址信息',
  `ws_line` varchar(16) CHARACTER SET utf8 COLLATE utf8_general_ci NOT NULL COMMENT '端口信息',
  `district_id` int(10) NOT NULL DEFAULT 0 COMMENT 'district 表id',
  `district_code` varchar(8) CHARACTER SET utf8 COLLATE utf8_general_ci NOT NULL DEFAULT '' COMMENT '地区手机号的区号',
  `switch_num` varchar(8) CHARACTER SET utf8 COLLATE utf8_general_ci NOT NULL DEFAULT '' COMMENT '交换机按键',
  PRIMARY KEY (`id`) USING BTREE,
  UNIQUE INDEX `account_id`(`account_id`) USING BTREE
) ENGINE = InnoDB AUTO_INCREMENT = 1 CHARACTER SET = utf8 COLLATE = utf8_general_ci COMMENT = 'websocket拨号配置表' ROW_FORMAT = Dynamic;

SET FOREIGN_KEY_CHECKS = 1;
